onda,quando,celula,clat,clon,area_nuc,tbmin,nflash,eletrificada,dir,frac_sol
O1_toros_01-04mai,2024-05-01 1100UT,C1,-28.27,-54.274,4572,-78.6,228,1,,0.39
O1_toros_01-04mai,2024-05-01 1100UT,C2,-29.403,-49.43,6736,-70.3,5,1,,0.39
O1_toros_01-04mai,2024-05-01 1100UT,C3,-29.279,-51.126,117,-70.4,16,1,,0.39
O1_toros_01-04mai,2024-05-01 1100UT,C4,-30.672,-52.794,9805,-76.6,64,1,,0.39
O1_toros_01-04mai,2024-05-01 1100UT,C5,-29.738,-54.618,255,-71.3,54,1,,0.39
O1_toros_01-04mai,2024-05-01 1100UT,C6,-30.03,-53.975,30,-61.2,52,1,,0.39
O1_toros_01-04mai,2024-05-01 1100UT,C7,-30.318,-48.113,39,-55.6,0,0,,0.39
O1_toros_01-04mai,2024-05-01 1100UT,C8,-30.534,-48.315,75,-59.9,0,0,,0.39
O1_toros_01-04mai,2024-05-01 1100UT,C9,-33.39,-45.454,119,-57.1,0,0,,0.39
O1_toros_01-04mai,2024-05-01 1100UT,C10,-33.781,-44.249,175,-60.3,0,0,,0.39
O1_toros_01-04mai,2024-05-01 1200UT,C1,-28.523,-53.456,7491,-78.6,305,1,"-0.25,+0.82",1.0
O1_toros_01-04mai,2024-05-01 1200UT,C2,-28.735,-48.681,109,-57.0,0,0,"+0.67,+0.75",1.0
O1_toros_01-04mai,2024-05-01 1200UT,C3,-29.295,-50.79,1363,-70.3,3,0,"-0.02,+0.34",1.0
O1_toros_01-04mai,2024-05-01 1200UT,C7,-29.066,-48.006,25,-56.5,0,0,"+1.25,+0.11",1.0
O1_toros_01-04mai,2024-05-01 1200UT,C8,-29.913,-48.362,3730,-62.3,0,0,"+0.62,-0.05",1.0
O1_toros_01-04mai,2024-05-01 1200UT,C4,-30.506,-51.955,8238,-75.4,1,0,"+0.17,+0.84",1.0
O1_toros_01-04mai,2024-05-01 1200UT,C5,-29.969,-55.323,26,-61.2,9,1,"-0.23,-0.71",1.0
O1_toros_01-04mai,2024-05-01 1200UT,C6,-30.01,-54.607,56,-60.7,23,1,"+0.02,-0.63",1.0
O1_toros_01-04mai,2024-05-01 1200UT,C11,-31.042,-48.73,176,-59.5,0,0,,1.0
O1_toros_01-04mai,2024-05-01 1200UT,C12,-31.149,-46.992,144,-57.7,0,0,,1.0
O1_toros_01-04mai,2024-05-01 1200UT,C13,-31.438,-53.292,79,-58.2,0,0,,1.0
O1_toros_01-04mai,2024-05-01 1200UT,C14,-32.078,-52.514,170,-59.5,0,0,,1.0
O1_toros_01-04mai,2024-05-01 1200UT,C15,-32.197,-51.559,68,-58.2,0,0,,1.0
O1_toros_01-04mai,2024-05-01 1200UT,C10,-33.654,-44.615,50,-58.2,0,0,"+0.13,-0.37",1.0
O1_toros_01-04mai,2024-05-01 1200UT,C16,-33.714,-43.795,179,-60.5,0,0,,1.0
O1_toros_01-04mai,2024-05-01 1300UT,C4,-29.351,-52.057,19326,-82.5,64,1,"+1.15,-0.10",1.0
O1_toros_01-04mai,2024-05-01 1300UT,C1,-28.599,-54.874,198,-66.8,117,1,"-0.08,-1.42",1.0
O1_toros_01-04mai,2024-05-01 1300UT,C6,-29.427,-53.883,48,-69.5,49,1,"+0.58,+0.72",1.0
O1_toros_01-04mai,2024-05-01 1300UT,C11,-30.771,-48.038,563,-61.1,0,0,"+0.27,+0.69",1.0
O1_toros_01-04mai,2024-05-01 1300UT,C5,-30.381,-54.248,246,-68.1,8,1,"-0.41,+1.08",1.0
O1_toros_01-04mai,2024-05-01 1300UT,C13,-30.389,-53.764,37,-64.8,1,0,"+1.05,-0.47",1.0
O1_toros_01-04mai,2024-05-01 1300UT,C17,-30.581,-49.814,25,-56.7,0,0,,1.0
O1_toros_01-04mai,2024-05-01 1300UT,C18,-31.035,-49.988,219,-57.0,0,0,,1.0
O1_toros_01-04mai,2024-05-01 1300UT,C16,-33.593,-43.607,137,-60.5,0,0,"+0.12,+0.19",1.0
O1_toros_01-04mai,2024-05-01 1400UT,C4,-29.531,-51.583,22992,-80.1,14,1,"-0.18,+0.47",1.0
O1_toros_01-04mai,2024-05-01 1400UT,C1,-29.259,-54.745,28,-64.9,89,1,"-0.66,+0.13",1.0
O1_toros_01-04mai,2024-05-01 1400UT,C6,-29.338,-55.333,33,-69.9,81,1,"+0.09,-1.45",1.0
O1_toros_01-04mai,2024-05-01 1400UT,C11,-31.171,-46.916,176,-58.7,0,0,"-0.40,+1.12",1.0
O1_toros_01-04mai,2024-05-01 1400UT,C19,-31.563,-52.081,135,-59.0,0,0,,1.0
O1_toros_01-04mai,2024-05-01 1400UT,C16,-32.478,-44.557,82,-57.3,0,0,"+1.12,-0.95",1.0
O1_toros_01-04mai,2024-05-01 1400UT,C20,-32.564,-44.114,82,-57.2,0,0,,1.0
O1_toros_01-04mai,2024-05-01 1500UT,C4,-29.626,-51.018,27078,-77.9,1,0,"-0.09,+0.57",1.0
O1_toros_01-04mai,2024-05-01 1500UT,C1,-28.458,-54.068,108,-73.2,136,1,"+0.80,+0.68",1.0
O1_toros_01-04mai,2024-05-01 1500UT,C6,-29.209,-54.971,64,-71.7,280,1,"+0.13,+0.36",1.0
O1_toros_01-04mai,2024-05-01 1500UT,C21,-29.809,-54.455,624,-74.1,176,1,,1.0
O1_toros_01-04mai,2024-05-01 1500UT,C11,-30.025,-47.544,28,-55.8,0,0,"+1.15,-0.63",1.0
O1_toros_01-04mai,2024-05-01 1500UT,C22,-30.472,-47.743,39,-56.0,0,0,,1.0
O1_toros_01-04mai,2024-05-01 1500UT,C19,-30.775,-52.423,365,-64.9,0,0,"+0.79,-0.34",1.0
O1_toros_01-04mai,2024-05-01 1600UT,C4,-29.654,-50.9,26623,-83.0,2,0,"-0.03,+0.12",1.0
O1_toros_01-04mai,2024-05-01 1600UT,C1,-28.619,-53.756,56,-67.3,232,1,"-0.16,+0.31",1.0
O1_toros_01-04mai,2024-05-01 1600UT,C23,-29.644,-56.693,404,-75.7,325,1,,1.0
O1_toros_01-04mai,2024-05-01 1600UT,C24,-30.147,-58.223,43,-69.9,0,0,,1.0
O1_toros_01-04mai,2024-05-01 1600UT,C25,-30.643,-50.639,603,-63.0,0,0,,1.0
O1_toros_01-04mai,2024-05-01 1600UT,C19,-31.225,-51.341,39,-57.5,0,0,"-0.45,+1.08",1.0
O1_toros_01-04mai,2024-05-01 1700UT,C26,-27.824,-51.935,64,-68.4,48,1,,1.0
O1_toros_01-04mai,2024-05-01 1700UT,C4,-29.542,-51.562,19861,-80.6,0,0,"+0.11,-0.66",1.0
O1_toros_01-04mai,2024-05-01 1700UT,C1,-28.685,-53.664,48,-67.8,88,1,"-0.07,+0.09",1.0
O1_toros_01-04mai,2024-05-01 1700UT,C27,-29.292,-49.377,39,-58.3,17,1,,1.0
O1_toros_01-04mai,2024-05-01 1700UT,C28,-29.969,-48.528,1572,-63.8,0,0,,1.0
O1_toros_01-04mai,2024-05-01 1700UT,C29,-29.473,-49.223,38,-58.5,15,1,,1.0
O1_toros_01-04mai,2024-05-01 1700UT,C23,-30.005,-55.895,2496,-80.4,0,0,"-0.36,+0.80",1.0
O1_toros_01-04mai,2024-05-01 1700UT,C24,-30.164,-58.896,183,-61.4,0,0,"-0.02,-0.67",1.0
O1_toros_01-04mai,2024-05-01 1700UT,C30,-30.558,-57.132,1057,-71.7,4,0,,1.0
O1_toros_01-04mai,2024-05-01 1700UT,C31,-30.841,-48.229,93,-58.4,0,0,,1.0
O1_toros_01-04mai,2024-05-01 1700UT,C25,-31.192,-49.315,33,-56.6,0,0,"-0.55,+1.32",1.0
O1_toros_01-04mai,2024-05-01 1700UT,C32,-31.38,-48.519,41,-56.2,0,0,,1.0
O1_toros_01-04mai,2024-05-01 1800UT,C33,-26.629,-54.025,52,-63.5,14,1,,1.0
O1_toros_01-04mai,2024-05-01 1800UT,C26,-27.68,-50.923,31,-59.8,9,1,"+0.14,+1.01",1.0
O1_toros_01-04mai,2024-05-01 1800UT,C4,-28.997,-50.783,12795,-81.5,15,1,"+0.55,+0.78",1.0
O1_toros_01-04mai,2024-05-01 1800UT,C34,-27.973,-56.994,60,-65.3,108,1,,1.0
O1_toros_01-04mai,2024-05-01 1800UT,C23,-29.484,-56.738,489,-70.8,123,1,"+0.52,-0.84",1.0
O1_toros_01-04mai,2024-05-01 1800UT,C35,-30.726,-53.627,15489,-84.0,13,1,,1.0
O1_toros_01-04mai,2024-05-01 1800UT,C25,-30.663,-49.77,95,-58.3,0,0,"+0.53,-0.45",1.0
O1_toros_01-04mai,2024-05-01 1800UT,C24,-30.454,-58.066,230,-61.2,25,1,"-0.29,+0.83",1.0
O1_toros_01-04mai,2024-05-01 1900UT,C33,-26.822,-53.174,62,-61.1,0,0,"-0.19,+0.85",1.0
O1_toros_01-04mai,2024-05-01 1900UT,C26,-27.808,-50.201,366,-65.4,31,1,"-0.13,+0.72",1.0
O1_toros_01-04mai,2024-05-01 1900UT,C4,-27.887,-49.81,97,-73.1,60,1,"+1.11,+0.97",1.0
O1_toros_01-04mai,2024-05-01 1900UT,C34,-27.675,-56.91,50,-58.8,76,1,"+0.30,+0.08",1.0
O1_toros_01-04mai,2024-05-01 1900UT,C36,-29.197,-50.295,14553,-76.5,10,1,,1.0
O1_toros_01-04mai,2024-05-01 1900UT,C37,-28.205,-52.13,477,-77.9,155,1,,1.0
O1_toros_01-04mai,2024-05-01 1900UT,C38,-28.221,-53.088,287,-77.6,222,1,,1.0
O1_toros_01-04mai,2024-05-01 1900UT,C23,-28.329,-56.025,25,-58.3,76,1,"+1.15,+0.71",1.0
O1_toros_01-04mai,2024-05-01 1900UT,C39,-28.48,-55.644,81,-59.9,45,1,,1.0
O1_toros_01-04mai,2024-05-01 1900UT,C40,-28.546,-56.157,96,-64.1,79,1,,1.0
O1_toros_01-04mai,2024-05-01 1900UT,C41,-28.743,-54.903,234,-69.5,36,1,,1.0
O1_toros_01-04mai,2024-05-01 1900UT,C42,-29.445,-56.753,514,-75.5,163,1,,1.0
O1_toros_01-04mai,2024-05-01 1900UT,C35,-31.055,-53.519,17634,-85.8,58,1,"-0.33,+0.11",1.0
O1_toros_01-04mai,2024-05-01 1900UT,C24,-30.389,-57.52,90,-63.2,181,1,"+0.07,+0.55",1.0
O1_toros_01-04mai,2024-05-01 1900UT,C43,-30.629,-57.003,195,-62.2,84,1,,1.0
O1_toros_01-04mai,2024-05-01 1900UT,C44,-31.263,-56.455,64,-59.9,261,1,,1.0
O1_toros_01-04mai,2024-05-01 1900UT,C45,-32.139,-48.944,337,-58.0,0,0,,1.0
O1_toros_01-04mai,2024-05-01 1900UT,C46,-34.407,-44.496,48,-57.8,0,0,,1.0
O1_toros_01-04mai,2024-05-01 2000UT,C4,-27.842,-49.035,571,-73.1,156,1,"+0.04,+0.78",0.43
O1_toros_01-04mai,2024-05-01 2000UT,C34,-27.478,-56.583,57,-67.4,133,1,"+0.20,+0.33",0.43
O1_toros_01-04mai,2024-05-01 2000UT,C23,-27.588,-56.212,66,-60.0,20,1,"+0.74,-0.19",0.43
O1_toros_01-04mai,2024-05-01 2000UT,C40,-27.948,-56.038,180,-59.8,1,0,"+0.60,+0.12",0.43
O1_toros_01-04mai,2024-05-01 2000UT,C36,-29.383,-50.263,13478,-74.9,0,0,"-0.19,+0.03",0.43
O1_toros_01-04mai,2024-05-01 2000UT,C47,-28.155,-48.194,45,-59.1,9,1,,0.43
O1_toros_01-04mai,2024-05-01 2000UT,C39,-28.09,-56.534,40,-59.7,58,1,"+0.39,-0.89",0.43
O1_toros_01-04mai,2024-05-01 2000UT,C38,-28.401,-53.412,673,-80.0,192,1,"-0.18,-0.32",0.43
O1_toros_01-04mai,2024-05-01 2000UT,C41,-28.796,-53.584,79,-70.0,85,1,"-0.05,+1.32",0.43
O1_toros_01-04mai,2024-05-01 2000UT,C48,-29.023,-53.937,633,-68.4,42,1,,0.43
O1_toros_01-04mai,2024-05-01 2000UT,C49,-28.945,-54.797,57,-59.1,109,1,,0.43
O1_toros_01-04mai,2024-05-01 2000UT,C50,-29.31,-54.729,160,-64.7,131,1,,0.43
O1_toros_01-04mai,2024-05-01 2000UT,C35,-31.306,-53.122,20951,-78.4,9,1,"-0.25,+0.40",0.43
O1_toros_01-04mai,2024-05-01 2000UT,C44,-31.166,-55.77,78,-59.3,62,1,"+0.10,+0.68",0.43
O1_toros_01-04mai,2024-05-01 2100UT,C47,-27.843,-48.169,915,-65.7,1,0,"+0.31,+0.03",0.0
O1_toros_01-04mai,2024-05-01 2100UT,C51,-27.385,-58.986,27,-56.5,0,0,,0.0
O1_toros_01-04mai,2024-05-01 2100UT,C4,-27.856,-49.032,47,-69.8,87,1,"-0.01,+0.00",0.0
O1_toros_01-04mai,2024-05-01 2100UT,C40,-27.855,-55.336,107,-61.5,0,0,"+0.09,+0.70",0.0
O1_toros_01-04mai,2024-05-01 2100UT,C36,-28.689,-51.55,6679,-80.3,54,1,"+0.69,-1.29",0.0
O1_toros_01-04mai,2024-05-01 2100UT,C38,-27.982,-54.138,28,-60.7,242,1,"+0.42,-0.73",0.0
O1_toros_01-04mai,2024-05-01 2100UT,C39,-28.195,-55.906,260,-69.1,312,1,"-0.11,+0.63",0.0
O1_toros_01-04mai,2024-05-01 2100UT,C48,-28.219,-54.273,89,-62.5,170,1,"+0.80,-0.34",0.0
O1_toros_01-04mai,2024-05-01 2100UT,C23,-28.426,-56.048,28,-58.7,357,1,"-0.84,+0.16",0.0
O1_toros_01-04mai,2024-05-01 2100UT,C41,-28.596,-54.196,28,-58.2,94,1,"+0.20,-0.61",0.0
O1_toros_01-04mai,2024-05-01 2100UT,C49,-28.676,-54.654,195,-77.9,302,1,"+0.27,+0.14",0.0
O1_toros_01-04mai,2024-05-01 2100UT,C50,-29.22,-55.277,1006,-86.3,546,1,"+0.09,-0.55",0.0
O1_toros_01-04mai,2024-05-01 2100UT,C52,-29.275,-53.529,33,-58.7,78,1,,0.0
O1_toros_01-04mai,2024-05-01 2100UT,C35,-31.358,-51.861,25953,-81.4,0,0,"-0.05,+1.26",0.0
O1_toros_01-04mai,2024-05-01 2100UT,C53,-29.556,-53.083,30,-59.0,0,0,,0.0
O1_toros_01-04mai,2024-05-01 2100UT,C54,-29.839,-48.754,68,-56.2,0,0,,0.0
O1_toros_01-04mai,2024-05-01 2100UT,C44,-29.76,-55.823,48,-66.4,286,1,"+1.41,-0.05",0.0
O1_toros_01-04mai,2024-05-01 2100UT,C55,-30.179,-51.321,30,-56.8,0,0,,0.0
O1_toros_01-04mai,2024-05-01 2100UT,C56,-32.398,-55.048,58,-60.5,154,1,,0.0
O1_toros_01-04mai,2024-05-01 2100UT,C57,-32.504,-54.811,48,-60.7,68,1,,0.0
O1_toros_01-04mai,2024-05-01 2100UT,C58,-33.76,-45.234,39,-57.2,0,0,,0.0
O1_toros_01-04mai,2024-05-01 2100UT,C59,-33.963,-44.942,92,-59.0,0,0,,0.0
O1_toros_01-04mai,2024-05-01 2200UT,C47,-27.84,-47.486,559,-61.2,0,0,"+0.00,+0.68",0.0
O1_toros_01-04mai,2024-05-01 2200UT,C51,-27.789,-58.372,1556,-75.5,0,0,"-0.40,+0.61",0.0
O1_toros_01-04mai,2024-05-01 2200UT,C35,-30.726,-51.695,34221,-87.2,0,0,"+0.63,+0.17",0.0
O1_toros_01-04mai,2024-05-01 2200UT,C23,-27.887,-56.665,116,-65.7,170,1,"+0.54,-0.62",0.0
O1_toros_01-04mai,2024-05-01 2200UT,C4,-28.634,-48.704,400,-61.4,0,0,"-0.78,+0.33",0.0
O1_toros_01-04mai,2024-05-01 2200UT,C39,-28.398,-55.452,133,-63.2,208,1,"-0.20,+0.45",0.0
O1_toros_01-04mai,2024-05-01 2200UT,C60,-28.63,-49.674,112,-57.4,0,0,,0.0
O1_toros_01-04mai,2024-05-01 2200UT,C49,-28.536,-54.737,90,-59.0,218,1,"+0.14,-0.08",0.0
O1_toros_01-04mai,2024-05-01 2200UT,C54,-28.86,-48.986,54,-60.0,0,0,"+0.98,-0.23",0.0
O1_toros_01-04mai,2024-05-01 2200UT,C50,-28.617,-55.499,35,-68.1,413,1,"+0.60,-0.22",0.0
O1_toros_01-04mai,2024-05-01 2200UT,C44,-29.096,-56.875,162,-67.9,378,1,"+0.66,-1.05",0.0
O1_toros_01-04mai,2024-05-01 2200UT,C61,-30.101,-56.741,155,-64.2,91,1,,0.0
O1_toros_01-04mai,2024-05-01 2200UT,C62,-30.067,-56.297,32,-59.6,2,0,,0.0
O1_toros_01-04mai,2024-05-01 2200UT,C63,-32.686,-51.806,30,-56.2,0,0,,0.0
O1_toros_01-04mai,2024-05-01 2200UT,C57,-33.253,-53.535,48,-56.7,0,0,"-0.75,+1.28",0.0
O1_toros_01-04mai,2024-05-01 2200UT,C58,-33.766,-46.116,142,-59.0,0,0,"-0.01,-0.88",0.0
O1_toros_01-04mai,2024-05-01 2200UT,C64,-34.342,-43.334,141,-60.7,0,0,,0.0
O1_toros_01-04mai,2024-05-01 2300UT,C51,-28.047,-57.589,2946,-75.4,0,0,"-0.26,+0.78",0.0
O1_toros_01-04mai,2024-05-01 2300UT,C35,-30.515,-51.36,35878,-83.7,6,1,"+0.21,+0.34",0.0
O1_toros_01-04mai,2024-05-01 2300UT,C23,-27.797,-56.741,35,-61.7,555,1,"+0.09,-0.08",0.0
O1_toros_01-04mai,2024-05-01 2300UT,C39,-28.205,-55.94,1211,-76.3,269,1,"+0.19,-0.49",0.0
O1_toros_01-04mai,2024-05-01 2300UT,C65,-28.01,-58.685,50,-59.6,0,0,,0.0
O1_toros_01-04mai,2024-05-01 2300UT,C66,-28.538,-53.107,150,-78.0,168,1,,0.0
O1_toros_01-04mai,2024-05-01 2300UT,C4,-28.82,-47.849,145,-59.3,0,0,"-0.19,+0.85",0.0
O1_toros_01-04mai,2024-05-01 2300UT,C62,-30.375,-55.767,494,-70.3,50,1,"-0.31,+0.53",0.0
O1_toros_01-04mai,2024-05-01 2300UT,C67,-31.479,-49.986,33,-57.4,0,0,,0.0
O1_toros_01-04mai,2024-05-01 2300UT,C63,-32.39,-51.963,828,-60.9,0,0,"+0.30,-0.16",0.0
O1_toros_01-04mai,2024-05-01 2300UT,C58,-33.626,-45.8,189,-58.2,0,0,"+0.14,+0.32",0.0
O1_toros_01-04mai,2024-05-01 2300UT,C64,-34.717,-44.743,46,-59.3,0,0,"-0.37,-1.41",0.0
O1_toros_01-04mai,2024-05-01 2300UT,C68,-34.902,-45.131,30,-58.4,0,0,,0.0
O1_toros_01-04mai,2024-05-02 1100UT,C66,-29.044,-52.593,65006,-82.3,27,1,"-0.51,+0.51",0.37
O1_toros_01-04mai,2024-05-02 1100UT,C69,-27.799,-46.262,996,-72.1,0,0,,0.37
O1_toros_01-04mai,2024-05-02 1100UT,C70,-29.748,-45.853,2815,-65.2,0,0,,0.37
O1_toros_01-04mai,2024-05-02 1100UT,C4,-28.844,-46.691,38,-58.5,0,0,"-0.02,+1.16",0.37
O1_toros_01-04mai,2024-05-02 1100UT,C71,-31.266,-47.3,96,-56.4,0,0,,0.37
O1_toros_01-04mai,2024-05-02 1100UT,C72,-31.559,-47.315,34,-56.6,0,0,,0.37
O1_toros_01-04mai,2024-05-02 1100UT,C73,-32.047,-46.742,506,-57.1,0,0,,0.37
O1_toros_01-04mai,2024-05-02 1100UT,C74,-31.94,-45.748,29,-55.8,0,0,,0.37
O1_toros_01-04mai,2024-05-02 1100UT,C75,-32.931,-44.075,396,-60.3,0,0,,0.37
O1_toros_01-04mai,2024-05-02 1100UT,C76,-32.505,-47.687,58,-60.0,0,0,,0.37
O1_toros_01-04mai,2024-05-02 1100UT,C58,-32.965,-45.324,319,-60.2,0,0,"+0.66,+0.48",0.37
O1_toros_01-04mai,2024-05-02 1100UT,C77,-32.924,-44.866,33,-56.2,0,0,,0.37
O1_toros_01-04mai,2024-05-02 1100UT,C78,-32.933,-47.41,121,-63.1,0,0,,0.37
O1_toros_01-04mai,2024-05-02 1100UT,C64,-33.611,-45.47,670,-67.0,0,0,"+1.11,-0.73",0.37
O1_toros_01-04mai,2024-05-02 1100UT,C68,-33.826,-44.88,70,-57.3,0,0,"+1.08,+0.25",0.37
O1_toros_01-04mai,2024-05-02 1100UT,C79,-35.538,-43.433,34,-57.2,0,0,,0.37
O1_toros_01-04mai,2024-05-02 1100UT,C80,-35.8,-42.829,156,-61.2,0,0,,0.37
O1_toros_01-04mai,2024-05-02 1200UT,C66,-29.179,-52.312,66312,-81.5,26,1,"-0.14,+0.28",1.0
O1_toros_01-04mai,2024-05-02 1200UT,C81,-26.068,-59.381,48,-68.7,0,0,,1.0
O1_toros_01-04mai,2024-05-02 1200UT,C82,-27.365,-58.521,114,-60.1,0,0,,1.0
O1_toros_01-04mai,2024-05-02 1200UT,C83,-28.817,-56.418,27,-56.8,2,0,,1.0
O1_toros_01-04mai,2024-05-02 1200UT,C70,-29.792,-46.48,1889,-71.1,0,0,"-0.04,-0.63",1.0
O1_toros_01-04mai,2024-05-02 1200UT,C4,-29.626,-45.574,196,-59.5,0,0,"-0.78,+1.12",1.0
O1_toros_01-04mai,2024-05-02 1200UT,C84,-29.883,-45.141,29,-56.7,0,0,,1.0
O1_toros_01-04mai,2024-05-02 1200UT,C76,-32.854,-47.984,68,-59.1,0,0,"-0.35,-0.30",1.0
O1_toros_01-04mai,2024-05-02 1200UT,C78,-33.402,-47.33,422,-64.5,0,0,"-0.47,+0.08",1.0
O1_toros_01-04mai,2024-05-02 1200UT,C75,-33.94,-43.657,1094,-66.7,0,0,"-1.01,+0.42",1.0
O1_toros_01-04mai,2024-05-02 1200UT,C85,-34.248,-47.188,71,-59.3,0,0,,1.0
O1_toros_01-04mai,2024-05-02 1300UT,C66,-28.867,-52.65,58333,-79.7,29,1,"+0.31,-0.34",1.0
O1_toros_01-04mai,2024-05-02 1300UT,C86,-28.751,-47.806,668,-67.9,0,0,,1.0
O1_toros_01-04mai,2024-05-02 1300UT,C4,-29.319,-45.867,40,-57.1,0,0,"+0.31,-0.29",1.0
O1_toros_01-04mai,2024-05-02 1300UT,C70,-29.281,-46.251,37,-58.9,0,0,"+0.51,+0.23",1.0
O1_toros_01-04mai,2024-05-02 1300UT,C84,-29.498,-46.025,26,-57.9,0,0,"+0.38,-0.88",1.0
O1_toros_01-04mai,2024-05-02 1300UT,C87,-29.479,-47.778,58,-56.8,0,0,,1.0
O1_toros_01-04mai,2024-05-02 1300UT,C88,-30.205,-45.381,765,-65.2,0,0,,1.0
O1_toros_01-04mai,2024-05-02 1300UT,C89,-30.563,-46.201,71,-57.5,0,0,,1.0
O1_toros_01-04mai,2024-05-02 1300UT,C90,-30.592,-45.7,30,-56.1,0,0,,1.0
O1_toros_01-04mai,2024-05-02 1300UT,C91,-31.753,-46.756,97,-56.8,0,0,,1.0
O1_toros_01-04mai,2024-05-02 1300UT,C76,-31.837,-48.91,33,-55.4,0,0,"+1.02,-0.93",1.0
O1_toros_01-04mai,2024-05-02 1300UT,C92,-32.155,-48.695,146,-56.3,0,0,,1.0
O1_toros_01-04mai,2024-05-02 1300UT,C93,-32.052,-51.472,34,-56.8,0,0,,1.0
O1_toros_01-04mai,2024-05-02 1300UT,C75,-33.359,-44.87,1749,-67.9,0,0,"+0.58,-1.21",1.0
O1_toros_01-04mai,2024-05-02 1300UT,C94,-32.416,-51.106,32,-60.7,0,0,,1.0
O1_toros_01-04mai,2024-05-02 1300UT,C95,-33.852,-45.566,715,-66.0,0,0,,1.0
O1_toros_01-04mai,2024-05-02 1300UT,C78,-33.243,-46.894,43,-59.5,0,0,"+0.16,+0.44",1.0
O1_toros_01-04mai,2024-05-02 1300UT,C96,-33.216,-48.414,32,-56.9,0,0,,1.0
O1_toros_01-04mai,2024-05-02 1300UT,C85,-33.758,-46.56,623,-64.5,0,0,"+0.49,+0.63",1.0
O1_toros_01-04mai,2024-05-02 1300UT,C97,-34.923,-44.066,109,-58.9,0,0,,1.0
O1_toros_01-04mai,2024-05-02 1400UT,C66,-28.673,-52.852,52702,-80.3,6,1,"+0.19,-0.20",1.0
O1_toros_01-04mai,2024-05-02 1400UT,C70,-28.815,-46.822,415,-59.5,0,0,"+0.47,-0.57",1.0
O1_toros_01-04mai,2024-05-02 1400UT,C4,-29.66,-45.461,272,-60.6,0,0,"-0.34,+0.41",1.0
O1_toros_01-04mai,2024-05-02 1400UT,C87,-29.844,-47.563,50,-56.1,0,0,"-0.36,+0.21",1.0
O1_toros_01-04mai,2024-05-02 1400UT,C89,-30.493,-46.138,76,-58.6,0,0,"+0.07,+0.06",1.0
O1_toros_01-04mai,2024-05-02 1400UT,C76,-31.257,-49.147,42,-55.6,0,0,"+0.58,-0.24",1.0
O1_toros_01-04mai,2024-05-02 1400UT,C92,-31.568,-48.555,205,-56.9,0,0,"+0.59,+0.14",1.0
O1_toros_01-04mai,2024-05-02 1400UT,C97,-34.024,-43.986,2407,-70.0,0,0,"+0.90,+0.08",1.0
O1_toros_01-04mai,2024-05-02 1400UT,C96,-33.236,-49.727,65,-61.2,0,0,"-0.02,-1.31",1.0
O1_toros_01-04mai,2024-05-02 1400UT,C78,-33.639,-46.96,56,-59.5,0,0,"-0.40,-0.07",1.0
O1_toros_01-04mai,2024-05-02 1400UT,C85,-33.801,-47.623,35,-58.2,0,0,"-0.04,-1.06",1.0
O1_toros_01-04mai,2024-05-02 1400UT,C95,-34.008,-46.474,81,-59.3,0,0,"-0.16,-0.91",1.0
O1_toros_01-04mai,2024-05-02 1400UT,C98,-33.941,-46.877,94,-58.8,0,0,,1.0
O1_toros_01-04mai,2024-05-02 1400UT,C99,-33.989,-47.163,30,-59.6,0,0,,1.0
O1_toros_01-04mai,2024-05-02 1400UT,C100,-34.96,-43.581,32,-59.8,0,0,,1.0
O1_toros_01-04mai,2024-05-02 1500UT,C101,-25.808,-59.917,65,-63.8,0,0,,1.0
O1_toros_01-04mai,2024-05-02 1500UT,C102,-26.182,-59.051,306,-69.9,0,0,,1.0
O1_toros_01-04mai,2024-05-02 1500UT,C66,-28.36,-53.496,41899,-78.6,11,1,"+0.31,-0.64",1.0
O1_toros_01-04mai,2024-05-02 1500UT,C103,-27.772,-50.205,114,-61.2,1,0,,1.0
O1_toros_01-04mai,2024-05-02 1500UT,C70,-28.332,-48.033,140,-60.3,0,0,"+0.48,-1.21",1.0
O1_toros_01-04mai,2024-05-02 1500UT,C104,-28.577,-55.943,25,-57.0,1,0,,1.0
O1_toros_01-04mai,2024-05-02 1500UT,C87,-29.51,-48.186,162,-57.2,0,0,"+0.33,-0.62",1.0
O1_toros_01-04mai,2024-05-02 1500UT,C105,-29.379,-54.327,193,-59.0,4,0,,1.0
O1_toros_01-04mai,2024-05-02 1500UT,C106,-29.767,-54.304,66,-57.0,0,0,,1.0
O1_toros_01-04mai,2024-05-02 1500UT,C92,-30.548,-47.572,716,-60.3,0,0,"+1.02,+0.98",1.0
O1_toros_01-04mai,2024-05-02 1500UT,C76,-30.64,-48.732,193,-56.8,0,0,"+0.62,+0.42",1.0
O1_toros_01-04mai,2024-05-02 1500UT,C4,-30.775,-44.873,97,-60.3,0,0,"-1.12,+0.59",1.0
O1_toros_01-04mai,2024-05-02 1500UT,C89,-31.405,-47.108,190,-57.3,0,0,"-0.91,-0.97",1.0
O1_toros_01-04mai,2024-05-02 1500UT,C107,-31.201,-49.946,33,-57.2,0,0,,1.0
O1_toros_01-04mai,2024-05-02 1500UT,C108,-31.562,-49.199,137,-57.6,0,0,,1.0
O1_toros_01-04mai,2024-05-02 1500UT,C109,-31.546,-49.705,60,-56.9,0,0,,1.0
O1_toros_01-04mai,2024-05-02 1500UT,C110,-31.875,-46.791,53,-56.9,0,0,,1.0
O1_toros_01-04mai,2024-05-02 1500UT,C96,-32.018,-49.609,61,-57.7,0,0,"+1.22,+0.12",1.0
O1_toros_01-04mai,2024-05-02 1500UT,C95,-34.447,-45.896,640,-64.5,0,0,"-0.44,+0.58",1.0
O1_toros_01-04mai,2024-05-02 1500UT,C100,-34.71,-43.094,302,-61.9,0,0,"+0.25,+0.49",1.0
O1_toros_01-04mai,2024-05-02 1500UT,C97,-34.596,-44.609,349,-61.2,0,0,"-0.57,-0.62",1.0
O1_toros_01-04mai,2024-05-02 1500UT,C111,-34.999,-44.926,42,-61.9,0,0,,1.0
O1_toros_01-04mai,2024-05-02 1500UT,C112,-35.114,-44.563,43,-60.6,0,0,,1.0
O1_toros_01-04mai,2024-05-02 1600UT,C102,-24.758,-58.631,124,-63.8,0,0,"+1.42,+0.42",1.0
O1_toros_01-04mai,2024-05-02 1600UT,C101,-25.618,-59.954,70,-67.1,0,0,"+0.19,-0.04",1.0
O1_toros_01-04mai,2024-05-02 1600UT,C113,-25.931,-59.513,246,-65.3,0,0,,1.0
O1_toros_01-04mai,2024-05-02 1600UT,C66,-28.191,-53.528,38957,-76.6,29,1,"+0.17,-0.03",1.0
O1_toros_01-04mai,2024-05-02 1600UT,C114,-26.338,-57.221,50,-64.2,108,1,,1.0
O1_toros_01-04mai,2024-05-02 1600UT,C115,-26.911,-51.654,29,-72.6,20,1,,1.0
O1_toros_01-04mai,2024-05-02 1600UT,C103,-27.803,-49.773,55,-58.5,0,0,"-0.03,+0.43",1.0
O1_toros_01-04mai,2024-05-02 1600UT,C104,-28.413,-56.66,75,-57.0,6,1,"+0.16,-0.72",1.0
O1_toros_01-04mai,2024-05-02 1600UT,C87,-28.912,-48.389,55,-57.1,0,0,"+0.60,-0.20",1.0
O1_toros_01-04mai,2024-05-02 1600UT,C116,-29.148,-56.147,43,-56.7,0,0,,1.0
O1_toros_01-04mai,2024-05-02 1600UT,C92,-29.931,-47.709,118,-57.3,0,0,"+0.62,-0.14",1.0
O1_toros_01-04mai,2024-05-02 1600UT,C117,-29.895,-52.379,68,-56.3,0,0,,1.0
O1_toros_01-04mai,2024-05-02 1600UT,C89,-30.658,-47.319,439,-58.9,0,0,"+0.75,-0.21",1.0
O1_toros_01-04mai,2024-05-02 1600UT,C118,-30.332,-52.336,301,-58.0,0,0,,1.0
O1_toros_01-04mai,2024-05-02 1600UT,C107,-30.491,-50.915,183,-58.5,0,0,"+0.71,-0.97",1.0
O1_toros_01-04mai,2024-05-02 1600UT,C76,-30.981,-49.028,203,-57.5,0,0,"-0.34,-0.30",1.0
O1_toros_01-04mai,2024-05-02 1600UT,C109,-30.939,-49.648,62,-56.5,0,0,"+0.61,+0.06",1.0
O1_toros_01-04mai,2024-05-02 1600UT,C110,-31.393,-46.269,287,-58.4,0,0,"+0.48,+0.52",1.0
O1_toros_01-04mai,2024-05-02 1600UT,C119,-31.102,-50.943,28,-56.6,0,0,,1.0
O1_toros_01-04mai,2024-05-02 1600UT,C108,-31.419,-48.197,25,-56.7,0,0,"+0.14,+1.00",1.0
O1_toros_01-04mai,2024-05-02 1600UT,C120,-31.888,-45.921,36,-58.0,0,0,,1.0
O1_toros_01-04mai,2024-05-02 1600UT,C112,-35.104,-43.885,1187,-64.9,0,0,"+0.01,+0.68",1.0
O1_toros_01-04mai,2024-05-02 1600UT,C95,-34.598,-46.334,59,-59.1,0,0,"-0.15,-0.44",1.0
O1_toros_01-04mai,2024-05-02 1600UT,C111,-34.963,-45.63,214,-62.0,0,0,"+0.04,-0.70",1.0
O1_toros_01-04mai,2024-05-02 1600UT,C97,-34.994,-45.031,40,-60.4,0,0,"-0.40,-0.42",1.0
O1_toros_01-04mai,2024-05-02 1600UT,C100,-35.19,-42.745,45,-58.6,0,0,"-0.48,+0.35",1.0
O1_toros_01-04mai,2024-05-02 1600UT,C121,-35.777,-43.228,50,-58.5,0,0,,1.0
O1_toros_01-04mai,2024-05-02 1700UT,C102,-24.952,-58.251,894,-72.0,0,0,"-0.19,+0.38",1.0
O1_toros_01-04mai,2024-05-02 1700UT,C66,-28.21,-53.48,42117,-83.3,42,1,"-0.02,+0.05",1.0
O1_toros_01-04mai,2024-05-02 1700UT,C114,-25.96,-57.539,260,-67.4,19,1,"+0.38,-0.32",1.0
O1_toros_01-04mai,2024-05-02 1700UT,C122,-26.023,-57.147,33,-58.6,20,1,,1.0
O1_toros_01-04mai,2024-05-02 1700UT,C123,-26.291,-57.504,57,-70.3,24,1,,1.0
O1_toros_01-04mai,2024-05-02 1700UT,C115,-27.017,-50.911,730,-73.9,6,1,"-0.11,+0.74",1.0
O1_toros_01-04mai,2024-05-02 1700UT,C124,-29.949,-54.415,91,-59.5,0,0,,1.0
O1_toros_01-04mai,2024-05-02 1700UT,C118,-30.271,-53.606,44,-55.6,0,0,"+0.06,-1.27",1.0
O1_toros_01-04mai,2024-05-02 1700UT,C76,-30.941,-49.334,25,-56.9,0,0,"+0.04,-0.31",1.0
O1_toros_01-04mai,2024-05-02 1700UT,C110,-31.453,-45.849,294,-58.4,0,0,"-0.06,+0.42",1.0
O1_toros_01-04mai,2024-05-02 1700UT,C109,-31.405,-49.576,71,-57.1,0,0,"-0.47,+0.07",1.0
O1_toros_01-04mai,2024-05-02 1700UT,C120,-31.764,-45.442,40,-56.1,0,0,"+0.12,+0.48",1.0
O1_toros_01-04mai,2024-05-02 1700UT,C125,-31.976,-44.881,305,-59.1,0,0,,1.0
O1_toros_01-04mai,2024-05-02 1700UT,C112,-35.41,-43.863,650,-61.6,0,0,"-0.31,+0.02",1.0
O1_toros_01-04mai,2024-05-02 1800UT,C102,-25.162,-57.821,2115,-77.3,0,0,"-0.21,+0.43",1.0
O1_toros_01-04mai,2024-05-02 1800UT,C122,-25.245,-56.682,155,-67.6,0,0,"+0.78,+0.47",1.0
O1_toros_01-04mai,2024-05-02 1800UT,C114,-25.469,-56.286,60,-60.7,0,0,"+0.49,+1.25",1.0
O1_toros_01-04mai,2024-05-02 1800UT,C66,-27.905,-52.989,24359,-80.0,9,1,"+0.30,+0.49",1.0
O1_toros_01-04mai,2024-05-02 1800UT,C123,-26.497,-56.817,2306,-73.4,16,1,"-0.21,+0.69",1.0
O1_toros_01-04mai,2024-05-02 1800UT,C126,-26.828,-57.942,2953,-70.4,0,0,,1.0
O1_toros_01-04mai,2024-05-02 1800UT,C115,-26.956,-51.281,80,-63.8,1,0,"+0.06,-0.37",1.0
O1_toros_01-04mai,2024-05-02 1800UT,C127,-27.27,-49.717,127,-60.9,0,0,,1.0
O1_toros_01-04mai,2024-05-02 1800UT,C128,-27.472,-55.732,488,-60.0,8,1,,1.0
O1_toros_01-04mai,2024-05-02 1800UT,C129,-27.674,-56.255,352,-60.5,0,0,,1.0
O1_toros_01-04mai,2024-05-02 1800UT,C118,-29.106,-52.982,58,-57.0,10,1,"+1.16,+0.62",1.0
O1_toros_01-04mai,2024-05-02 1800UT,C76,-30.037,-49.107,1126,-60.7,0,0,"+0.90,+0.23",1.0
O1_toros_01-04mai,2024-05-02 1800UT,C124,-29.827,-53.596,621,-59.5,0,0,"+0.12,+0.82",1.0
O1_toros_01-04mai,2024-05-02 1800UT,C130,-30.219,-48.434,429,-57.8,0,0,,1.0
O1_toros_01-04mai,2024-05-02 1800UT,C131,-29.909,-47.926,46,-56.3,0,0,,1.0
O1_toros_01-04mai,2024-05-02 1800UT,C132,-30.414,-47.758,66,-58.3,0,0,,1.0
O1_toros_01-04mai,2024-05-02 1800UT,C133,-30.871,-47.924,41,-56.1,0,0,,1.0
O1_toros_01-04mai,2024-05-02 1800UT,C109,-31.203,-48.275,62,-57.9,0,0,"+0.20,+1.30",1.0
O1_toros_01-04mai,2024-05-02 1900UT,C123,-26.349,-56.687,8351,-77.7,21,1,"+0.15,+0.13",1.0
O1_toros_01-04mai,2024-05-02 1900UT,C66,-27.666,-52.621,22625,-77.0,4,0,"+0.24,+0.37",1.0
O1_toros_01-04mai,2024-05-02 1900UT,C134,-26.328,-53.211,49,-71.3,161,1,,1.0
O1_toros_01-04mai,2024-05-02 1900UT,C126,-26.173,-59.022,28,-60.9,0,0,"+0.65,-1.08",1.0
O1_toros_01-04mai,2024-05-02 1900UT,C129,-26.974,-57.567,1250,-62.5,2,0,"+0.70,-1.31",1.0
O1_toros_01-04mai,2024-05-02 1900UT,C128,-28.496,-55.118,193,-58.0,0,0,"-1.02,+0.61",1.0
O1_toros_01-04mai,2024-05-02 1900UT,C76,-30.044,-49.08,103,-56.8,0,0,"-0.01,+0.03",1.0
O1_toros_01-04mai,2024-05-02 1900UT,C130,-30.184,-49.825,53,-56.8,0,0,"+0.04,-1.39",1.0
O1_toros_01-04mai,2024-05-02 1900UT,C109,-30.552,-49.272,27,-55.9,0,0,"+0.65,-1.00",1.0
O1_toros_01-04mai,2024-05-02 1900UT,C133,-31.826,-46.859,101,-58.9,0,0,"-0.95,+1.07",1.0
O1_toros_01-04mai,2024-05-02 2000UT,C126,-24.809,-58.652,410,-61.2,0,0,"+1.36,+0.37",0.41
O1_toros_01-04mai,2024-05-02 2000UT,C135,-24.732,-57.323,104,-62.2,0,0,,0.41
O1_toros_01-04mai,2024-05-02 2000UT,C123,-26.54,-56.319,10667,-78.9,22,1,"-0.19,+0.37",0.41
O1_toros_01-04mai,2024-05-02 2000UT,C66,-27.394,-52.518,19326,-77.7,3,0,"+0.27,+0.10",0.41
O1_toros_01-04mai,2024-05-02 2000UT,C129,-26.433,-58.783,49,-57.4,0,0,"+0.54,-1.22",0.41
O1_toros_01-04mai,2024-05-02 2000UT,C136,-26.746,-58.045,110,-58.6,0,0,,0.41
O1_toros_01-04mai,2024-05-02 2000UT,C137,-27.487,-56.718,101,-58.0,0,0,,0.41
O1_toros_01-04mai,2024-05-02 2000UT,C128,-28.151,-55.931,56,-57.7,0,0,"+0.35,-0.81",0.41
O1_toros_01-04mai,2024-05-02 2100UT,C138,-26.795,-54.371,27019,-77.6,29,1,,0.0
O1_toros_01-04mai,2024-05-02 2100UT,C128,-27.415,-55.939,92,-58.5,0,0,"+0.74,-0.01",0.0
O1_toros_01-04mai,2024-05-02 2100UT,C139,-29.229,-54.513,44,-60.1,0,0,,0.0
O1_toros_01-04mai,2024-05-02 2100UT,C140,-29.45,-49.967,31,-56.0,0,0,,0.0
O1_toros_01-04mai,2024-05-02 2200UT,C128,-26.18,-56.343,16843,-76.9,15,1,"+1.23,-0.40",0.0
O1_toros_01-04mai,2024-05-02 2200UT,C141,-24.989,-53.437,64,-63.3,0,0,,0.0
O1_toros_01-04mai,2024-05-02 2200UT,C142,-25.269,-53.54,225,-68.7,0,0,,0.0
O1_toros_01-04mai,2024-05-02 2200UT,C138,-25.564,-53.861,93,-69.0,25,1,"+1.23,+0.51",0.0
O1_toros_01-04mai,2024-05-02 2200UT,C143,-27.067,-52.312,8244,-77.0,7,1,,0.0
O1_toros_01-04mai,2024-05-02 2200UT,C144,-27.277,-53.843,71,-58.2,0,0,,0.0
O1_toros_01-04mai,2024-05-02 2200UT,C145,-27.34,-53.444,27,-58.7,1,0,,0.0
O1_toros_01-04mai,2024-05-02 2200UT,C140,-28.95,-50.997,103,-56.4,0,0,"+0.50,-1.03",0.0
O1_toros_01-04mai,2024-05-02 2200UT,C146,-31.131,-46.824,56,-57.1,0,0,,0.0
O1_toros_01-04mai,2024-05-02 2200UT,C147,-31.472,-46.58,108,-58.7,0,0,,0.0
O1_toros_01-04mai,2024-05-02 2200UT,C148,-31.381,-47.742,50,-57.4,0,0,,0.0
O1_toros_01-04mai,2024-05-02 2300UT,C128,-26.206,-56.309,18983,-77.5,8,1,"-0.03,+0.03",0.0
O1_toros_01-04mai,2024-05-02 2300UT,C143,-27.087,-51.669,9445,-77.2,1,0,"-0.02,+0.64",0.0
O1_toros_01-04mai,2024-05-02 2300UT,C145,-27.201,-53.272,136,-63.5,0,0,"+0.14,+0.17",0.0
O1_toros_01-04mai,2024-05-02 2300UT,C144,-27.973,-53.465,219,-60.9,0,0,"-0.70,+0.38",0.0
O1_toros_01-04mai,2024-05-02 2300UT,C149,-28.241,-54.775,93,-60.1,0,0,,0.0
O1_toros_01-04mai,2024-05-02 2300UT,C150,-28.289,-52.737,27,-56.1,0,0,,0.0
O1_toros_01-04mai,2024-05-02 2300UT,C151,-32.386,-44.982,33,-56.2,0,0,,0.0
O1_toros_01-04mai,2024-05-03 1100UT,C152,-25.078,-49.7,39,-61.7,0,0,,0.36
O1_toros_01-04mai,2024-05-03 1100UT,C128,-26.017,-54.969,8808,-74.0,1,0,"+0.19,+1.34",0.36
O1_toros_01-04mai,2024-05-03 1100UT,C153,-25.439,-48.646,30,-57.3,0,0,,0.36
O1_toros_01-04mai,2024-05-03 1100UT,C154,-25.435,-52.527,29,-59.6,0,0,,0.36
O1_toros_01-04mai,2024-05-03 1100UT,C143,-25.676,-51.839,35,-58.2,0,0,"+1.41,-0.17",0.36
O1_toros_01-04mai,2024-05-03 1100UT,C145,-26.006,-52.866,443,-61.1,0,0,"+1.20,+0.41",0.36
O1_toros_01-04mai,2024-05-03 1100UT,C155,-26.089,-51.983,211,-59.5,0,0,,0.36
O1_toros_01-04mai,2024-05-03 1100UT,C156,-25.814,-57.979,38,-57.1,0,0,,0.36
O1_toros_01-04mai,2024-05-03 1100UT,C157,-26.233,-52.329,41,-58.3,0,0,,0.36
O1_toros_01-04mai,2024-05-03 1100UT,C158,-26.81,-52.258,722,-61.5,0,0,,0.36
O1_toros_01-04mai,2024-05-03 1100UT,C159,-27.299,-51.541,112,-58.5,0,0,,0.36
O1_toros_01-04mai,2024-05-03 1100UT,C160,-29.552,-49.652,193,-60.0,0,0,,0.36
O1_toros_01-04mai,2024-05-03 1100UT,C161,-30.114,-49.327,87,-60.9,0,0,,0.36
O1_toros_01-04mai,2024-05-03 1100UT,C162,-30.737,-47.869,789,-64.2,0,0,,0.36
O1_toros_01-04mai,2024-05-03 1100UT,C163,-30.402,-49.148,29,-60.4,0,0,,0.36
O1_toros_01-04mai,2024-05-03 1100UT,C164,-31.409,-46.781,317,-61.1,0,0,,0.36
O1_toros_01-04mai,2024-05-03 1100UT,C151,-31.94,-46.044,613,-61.9,0,0,"+0.45,-1.06",0.36
O1_toros_01-04mai,2024-05-03 1100UT,C165,-32.262,-45.231,71,-60.9,0,0,,0.36
O1_toros_01-04mai,2024-05-03 1100UT,C166,-32.599,-44.821,105,-59.9,0,0,,0.36
O1_toros_01-04mai,2024-05-03 1100UT,C167,-32.861,-44.61,109,-58.0,0,0,,0.36
O1_toros_01-04mai,2024-05-03 1100UT,C168,-33.168,-44.098,118,-59.5,0,0,,0.36
O1_toros_01-04mai,2024-05-03 1200UT,C128,-26.102,-54.527,9629,-76.3,9,1,"-0.09,+0.44",1.0
O1_toros_01-04mai,2024-05-03 1200UT,C145,-26.21,-52.699,240,-59.9,0,0,"-0.20,+0.17",1.0
O1_toros_01-04mai,2024-05-03 1200UT,C161,-29.753,-48.579,101,-58.9,0,0,"+0.36,+0.75",1.0
O1_toros_01-04mai,2024-05-03 1200UT,C162,-30.513,-47.219,420,-60.3,0,0,"+0.22,+0.65",1.0
O1_toros_01-04mai,2024-05-03 1200UT,C163,-30.325,-48.055,68,-59.3,0,0,"+0.08,+1.09",1.0
O1_toros_01-04mai,2024-05-03 1200UT,C164,-30.835,-47.731,47,-59.0,0,0,"+0.57,-0.95",1.0
O1_toros_01-04mai,2024-05-03 1200UT,C151,-31.095,-46.548,345,-60.9,0,0,"+0.85,-0.50",1.0
O1_toros_01-04mai,2024-05-03 1200UT,C165,-31.38,-46.056,257,-60.0,0,0,"+0.88,-0.83",1.0
O1_toros_01-04mai,2024-05-03 1200UT,C166,-31.776,-45.562,88,-58.8,0,0,"+0.82,-0.74",1.0
O1_toros_01-04mai,2024-05-03 1200UT,C169,-31.692,-45.835,45,-58.2,0,0,,1.0
O1_toros_01-04mai,2024-05-03 1200UT,C167,-32.01,-44.933,109,-58.6,0,0,"+0.85,-0.32",1.0
O1_toros_01-04mai,2024-05-03 1200UT,C170,-32.201,-46.93,51,-58.7,0,0,,1.0
O1_toros_01-04mai,2024-05-03 1200UT,C168,-32.391,-44.397,29,-55.9,0,0,"+0.78,-0.30",1.0
O1_toros_01-04mai,2024-05-03 1300UT,C171,-24.804,-57.269,463,-63.0,0,0,,1.0
O1_toros_01-04mai,2024-05-03 1300UT,C128,-26.324,-54.064,11166,-73.9,4,0,"-0.22,+0.46",1.0
O1_toros_01-04mai,2024-05-03 1300UT,C145,-25.656,-52.36,27,-61.6,0,0,"+0.55,+0.34",1.0
O1_toros_01-04mai,2024-05-03 1300UT,C172,-26.048,-52.135,225,-58.0,0,0,,1.0
O1_toros_01-04mai,2024-05-03 1300UT,C173,-26.45,-47.514,34,-58.7,0,0,,1.0
O1_toros_01-04mai,2024-05-03 1300UT,C174,-26.513,-47.657,37,-58.8,0,0,,1.0
O1_toros_01-04mai,2024-05-03 1300UT,C162,-30.224,-46.863,47,-57.4,0,0,"+0.29,+0.36",1.0
O1_toros_01-04mai,2024-05-03 1300UT,C151,-30.473,-46.397,137,-59.3,0,0,"+0.62,+0.15",1.0
O1_toros_01-04mai,2024-05-03 1300UT,C165,-30.897,-45.748,285,-61.4,0,0,"+0.48,+0.31",1.0
O1_toros_01-04mai,2024-05-03 1300UT,C166,-31.222,-45.363,68,-58.6,0,0,"+0.55,+0.20",1.0
O1_toros_01-04mai,2024-05-03 1300UT,C167,-31.639,-44.59,34,-56.2,0,0,"+0.37,+0.34",1.0
O1_toros_01-04mai,2024-05-03 1300UT,C168,-32.183,-44.182,26,-57.0,0,0,"+0.21,+0.22",1.0
O1_toros_01-04mai,2024-05-03 1400UT,C171,-25.178,-56.64,1800,-69.9,0,0,"-0.37,+0.63",1.0
O1_toros_01-04mai,2024-05-03 1400UT,C128,-26.602,-53.537,11280,-69.7,0,0,"-0.28,+0.53",1.0
O1_toros_01-04mai,2024-05-03 1400UT,C175,-25.627,-55.914,122,-62.2,0,0,,1.0
O1_toros_01-04mai,2024-05-03 1400UT,C176,-25.643,-55.394,199,-65.7,0,0,,1.0
O1_toros_01-04mai,2024-05-03 1400UT,C177,-27.596,-51.702,180,-60.7,0,0,,1.0
O1_toros_01-04mai,2024-05-03 1400UT,C178,-27.725,-52.079,34,-57.3,0,0,,1.0
O1_toros_01-04mai,2024-05-03 1500UT,C171,-25.076,-56.834,847,-64.9,0,0,"+0.10,-0.19",1.0
O1_toros_01-04mai,2024-05-03 1500UT,C176,-25.793,-55.631,3593,-67.6,0,0,"-0.15,-0.24",1.0
O1_toros_01-04mai,2024-05-03 1500UT,C175,-25.138,-57.331,26,-62.8,0,0,"+0.49,-1.42",1.0
O1_toros_01-04mai,2024-05-03 1500UT,C128,-25.527,-53.258,80,-61.9,1,0,"+1.07,+0.28",1.0
O1_toros_01-04mai,2024-05-03 1500UT,C179,-25.619,-52.758,32,-57.5,1,0,,1.0
O1_toros_01-04mai,2024-05-03 1500UT,C178,-26.569,-52.977,4281,-62.2,1,0,"+1.16,-0.90",1.0
O1_toros_01-04mai,2024-05-03 1500UT,C177,-26.287,-51.814,47,-56.9,0,0,"+1.31,-0.11",1.0
O1_toros_01-04mai,2024-05-03 1500UT,C180,-27.126,-51.95,386,-60.6,0,0,,1.0
O1_toros_01-04mai,2024-05-03 1500UT,C181,-27.559,-53.958,231,-57.7,0,0,,1.0
O1_toros_01-04mai,2024-05-03 1500UT,C182,-27.703,-53.758,59,-56.5,0,0,,1.0
O1_toros_01-04mai,2024-05-03 1500UT,C183,-27.77,-53.545,35,-56.4,0,0,,1.0
O1_toros_01-04mai,2024-05-03 1600UT,C176,-25.967,-55.46,6693,-70.8,0,0,"-0.17,+0.17",1.0
O1_toros_01-04mai,2024-05-03 1600UT,C171,-25.054,-55.929,134,-59.5,0,0,"+0.02,+0.91",1.0
O1_toros_01-04mai,2024-05-03 1600UT,C180,-26.94,-51.439,818,-59.1,0,0,"+0.19,+0.51",1.0
O1_toros_01-04mai,2024-05-03 1600UT,C178,-26.708,-53.8,37,-58.9,2,0,"-0.14,-0.82",1.0
O1_toros_01-04mai,2024-05-03 1600UT,C183,-26.897,-52.87,38,-56.3,0,0,"+0.87,+0.68",1.0
O1_toros_01-04mai,2024-05-03 1600UT,C177,-27.075,-52.687,59,-55.8,0,0,"-0.79,-0.87",1.0
O1_toros_01-04mai,2024-05-03 1700UT,C184,-24.987,-53.766,265,-66.0,0,0,,1.0
O1_toros_01-04mai,2024-05-03 1700UT,C176,-26.127,-55.022,9057,-72.6,8,1,"-0.16,+0.44",1.0
O1_toros_01-04mai,2024-05-03 1800UT,C184,-25.224,-53.248,1277,-70.9,0,0,"-0.24,+0.52",1.0
O1_toros_01-04mai,2024-05-03 1800UT,C176,-26.391,-54.77,9442,-70.3,0,0,"-0.26,+0.25",1.0
O1_toros_01-04mai,2024-05-03 1800UT,C185,-25.487,-55.135,60,-56.3,0,0,,1.0
O1_toros_01-04mai,2024-05-03 1800UT,C186,-25.915,-56.682,115,-62.7,1,0,,1.0
O1_toros_01-04mai,2024-05-03 1800UT,C187,-27.361,-53.321,101,-57.9,1,0,,1.0
O1_toros_01-04mai,2024-05-03 1900UT,C184,-25.111,-53.089,1380,-71.7,0,0,"+0.11,+0.16",1.0
O1_toros_01-04mai,2024-05-03 1900UT,C188,-25.412,-51.932,227,-58.0,0,0,,1.0
O1_toros_01-04mai,2024-05-03 1900UT,C176,-26.618,-54.921,7664,-68.3,11,1,"-0.23,-0.15",1.0
O1_toros_01-04mai,2024-05-03 1900UT,C189,-26.003,-52.377,694,-64.5,2,0,,1.0
O1_toros_01-04mai,2024-05-03 1900UT,C190,-26.001,-51.887,72,-61.1,0,0,,1.0
O1_toros_01-04mai,2024-05-03 1900UT,C187,-26.138,-53.759,44,-60.6,1,0,"+1.22,-0.44",1.0
O1_toros_01-04mai,2024-05-03 1900UT,C191,-26.43,-58.12,37,-64.4,0,0,,1.0
O1_toros_01-04mai,2024-05-03 1900UT,C192,-26.679,-58.109,119,-60.7,0,0,,1.0
O1_toros_01-04mai,2024-05-03 1900UT,C193,-26.931,-52.432,603,-60.9,0,0,,1.0
O1_toros_01-04mai,2024-05-03 1900UT,C194,-27.52,-52.2,307,-60.7,0,0,,1.0
O1_toros_01-04mai,2024-05-03 1900UT,C195,-29.689,-50.286,56,-58.2,0,0,,1.0
O1_toros_01-04mai,2024-05-03 2000UT,C184,-24.882,-53.483,228,-72.4,0,0,"+0.23,-0.39",0.4
O1_toros_01-04mai,2024-05-03 2000UT,C188,-25.311,-52.472,2701,-69.5,0,0,"+0.10,-0.54",0.4
O1_toros_01-04mai,2024-05-03 2000UT,C176,-26.79,-54.967,5351,-66.5,4,0,"-0.17,-0.05",0.4
O1_toros_01-04mai,2024-05-03 2000UT,C196,-25.91,-56.099,41,-59.7,1,0,,0.4
O1_toros_01-04mai,2024-05-03 2000UT,C190,-26.203,-51.234,96,-58.3,0,0,"-0.20,+0.65",0.4
O1_toros_01-04mai,2024-05-03 2000UT,C192,-26.943,-57.211,643,-71.1,70,1,"-0.26,+0.90",0.4
O1_toros_01-04mai,2024-05-03 2000UT,C193,-26.854,-53.074,47,-57.1,0,0,"+0.08,-0.64",0.4
O1_toros_01-04mai,2024-05-03 2000UT,C194,-27.945,-51.352,570,-60.7,0,0,"-0.42,+0.85",0.4
O1_toros_01-04mai,2024-05-03 2100UT,C188,-25.254,-52.012,3376,-67.0,0,0,"+0.06,+0.46",0.0
O1_toros_01-04mai,2024-05-03 2100UT,C184,-25.747,-52.893,45,-60.1,14,1,"-0.86,+0.59",0.0
O1_toros_01-04mai,2024-05-03 2100UT,C190,-26.162,-52.284,600,-60.9,8,1,"+0.04,-1.05",0.0
O1_toros_01-04mai,2024-05-03 2100UT,C176,-26.317,-55.007,72,-58.2,0,0,"+0.47,-0.04",0.0
O1_toros_01-04mai,2024-05-03 2100UT,C197,-27.255,-55.094,5686,-67.8,0,0,,0.0
O1_toros_01-04mai,2024-05-03 2100UT,C193,-26.872,-53.808,76,-57.2,0,0,"-0.02,-0.73",0.0
O1_toros_01-04mai,2024-05-03 2100UT,C198,-28.099,-53.274,39,-56.1,0,0,,0.0
O1_toros_01-04mai,2024-05-03 2200UT,C184,-24.863,-53.303,115,-63.6,0,0,"+0.88,-0.41",0.0
O1_toros_01-04mai,2024-05-03 2200UT,C188,-25.337,-51.665,416,-58.6,0,0,"-0.08,+0.35",0.0
O1_toros_01-04mai,2024-05-03 2200UT,C199,-25.482,-50.76,561,-59.1,0,0,,0.0
O1_toros_01-04mai,2024-05-03 2200UT,C190,-25.713,-52.65,732,-66.8,3,0,"+0.45,-0.37",0.0
O1_toros_01-04mai,2024-05-03 2200UT,C200,-25.698,-52.102,126,-59.5,0,0,,0.0
O1_toros_01-04mai,2024-05-03 2200UT,C201,-26.622,-51.711,67,-57.1,0,0,,0.0
O1_toros_01-04mai,2024-05-03 2200UT,C197,-27.433,-54.865,5009,-69.5,2,0,"-0.18,+0.23",0.0
O1_toros_01-04mai,2024-05-03 2200UT,C202,-27.217,-51.371,47,-57.1,0,0,,0.0
O1_toros_01-04mai,2024-05-03 2200UT,C203,-27.251,-56.88,25,-58.2,13,1,,0.0
O1_toros_01-04mai,2024-05-03 2200UT,C204,-28.221,-55.123,46,-56.6,0,0,,0.0
O1_toros_01-04mai,2024-05-03 2200UT,C198,-28.382,-53.667,202,-57.5,0,0,"-0.28,-0.39",0.0
O1_toros_01-04mai,2024-05-03 2200UT,C205,-28.449,-54.88,50,-56.6,0,0,,0.0
O1_toros_01-04mai,2024-05-03 2300UT,C200,-25.127,-52.266,91,-58.5,0,0,"+0.57,-0.16",0.0
O1_toros_01-04mai,2024-05-03 2300UT,C199,-25.371,-49.797,29,-58.5,0,0,"+0.11,+0.96",0.0
O1_toros_01-04mai,2024-05-03 2300UT,C190,-25.741,-52.586,547,-63.8,0,0,"-0.03,+0.06",0.0
O1_toros_01-04mai,2024-05-03 2300UT,C188,-25.786,-51.791,171,-59.1,0,0,"-0.45,-0.13",0.0
O1_toros_01-04mai,2024-05-03 2300UT,C201,-26.24,-51.419,68,-57.4,0,0,"+0.38,+0.29",0.0
O1_toros_01-04mai,2024-05-03 2300UT,C202,-26.276,-51.783,167,-58.0,0,0,"+0.94,-0.41",0.0
O1_toros_01-04mai,2024-05-03 2300UT,C206,-26.474,-52.217,36,-57.1,1,0,,0.0
O1_toros_01-04mai,2024-05-03 2300UT,C197,-27.659,-54.26,5399,-67.6,0,0,"-0.23,+0.61",0.0
O1_toros_01-04mai,2024-05-03 2300UT,C203,-27.698,-56.066,30,-56.5,0,0,"-0.45,+0.81",0.0
O1_toros_01-04mai,2024-05-03 2300UT,C198,-27.764,-52.618,41,-57.0,0,0,"+0.62,+1.05",0.0
O1_toros_01-04mai,2024-05-03 2300UT,C204,-27.909,-56.274,42,-57.0,0,0,"+0.31,-1.15",0.0
O1_toros_01-04mai,2024-05-03 2300UT,C205,-28.55,-54.394,43,-57.0,0,0,"-0.10,+0.49",0.0
O1_toros_01-04mai,2024-05-03 2300UT,C207,-29.168,-52.785,32,-56.6,0,0,,0.0
O1_toros_01-04mai,2024-05-04 1100UT,C208,-25.527,-55.866,2242,-66.6,0,0,,0.34
O1_toros_01-04mai,2024-05-04 1100UT,C197,-26.517,-54.397,3274,-67.9,38,1,"+1.14,-0.14",0.34
O1_toros_01-04mai,2024-05-04 1100UT,C209,-28.972,-46.338,47,-58.2,0,0,,0.34
O1_toros_01-04mai,2024-05-04 1100UT,C210,-29.317,-46.448,48,-58.9,0,0,,0.34
O1_toros_01-04mai,2024-05-04 1100UT,C211,-29.863,-45.698,45,-56.8,0,0,,0.34
O1_toros_01-04mai,2024-05-04 1100UT,C212,-32.157,-47.174,126,-56.9,0,0,,0.34
O1_toros_01-04mai,2024-05-04 1100UT,C213,-32.564,-46.798,36,-56.1,0,0,,0.34
O1_toros_01-04mai,2024-05-04 1200UT,C197,-26.274,-54.764,4914,-66.4,66,1,"+0.24,-0.37",1.0
O1_toros_01-04mai,2024-05-04 1200UT,C208,-25.936,-54.571,64,-56.2,35,1,"-0.41,+1.29",1.0
O1_toros_01-04mai,2024-05-04 1200UT,C214,-26.172,-54.02,53,-57.8,53,1,,1.0
O1_toros_01-04mai,2024-05-04 1200UT,C215,-27.266,-53.226,219,-56.6,0,0,,1.0
O1_toros_01-04mai,2024-05-04 1200UT,C216,-27.182,-54.619,83,-66.2,10,1,,1.0
O1_toros_01-04mai,2024-05-04 1200UT,C211,-29.632,-45.35,31,-57.0,0,0,"+0.23,+0.35",1.0
O1_toros_01-04mai,2024-05-04 1200UT,C213,-32.836,-45.413,27,-56.2,0,0,"-0.27,+1.39",1.0
O1_toros_01-04mai,2024-05-04 1300UT,C197,-25.953,-55.142,1160,-63.1,1,0,"+0.32,-0.38",1.0
O1_toros_01-04mai,2024-05-04 1300UT,C217,-26.155,-57.236,37,-59.0,6,1,,1.0
O1_toros_01-04mai,2024-05-04 1300UT,C214,-26.335,-53.744,55,-60.2,10,1,"-0.16,+0.28",1.0
O1_toros_01-04mai,2024-05-04 1300UT,C216,-26.831,-54.295,2033,-64.1,26,1,"+0.35,+0.32",1.0
O1_toros_01-04mai,2024-05-04 1300UT,C208,-26.707,-55.744,158,-62.5,12,1,"-0.77,-1.17",1.0
O1_toros_01-04mai,2024-05-04 1300UT,C215,-26.86,-53.095,65,-57.0,1,0,"+0.41,+0.13",1.0
O1_toros_01-04mai,2024-05-04 1300UT,C218,-27.087,-52.963,129,-57.4,0,0,,1.0
O1_toros_01-04mai,2024-05-04 1300UT,C219,-27.735,-54.13,84,-63.2,28,1,,1.0
O1_toros_01-04mai,2024-05-04 1300UT,C211,-29.949,-45.367,63,-57.5,0,0,"-0.32,-0.02",1.0
O1_toros_01-04mai,2024-05-04 1300UT,C213,-32.525,-45.598,95,-56.5,0,0,"+0.31,-0.19",1.0
O1_toros_01-04mai,2024-05-04 1400UT,C214,-26.034,-54.195,29,-59.6,0,0,"+0.30,-0.45",1.0
O1_toros_01-04mai,2024-05-04 1400UT,C197,-26.235,-54.909,39,-57.1,0,0,"-0.28,+0.23",1.0
O1_toros_01-04mai,2024-05-04 1400UT,C215,-26.511,-53.299,146,-67.8,39,1,"+0.35,-0.20",1.0
O1_toros_01-04mai,2024-05-04 1400UT,C218,-26.602,-52.889,332,-60.1,7,1,"+0.48,+0.07",1.0
O1_toros_01-04mai,2024-05-04 1400UT,C216,-26.539,-54.351,158,-57.3,3,0,"+0.29,-0.06",1.0
O1_toros_01-04mai,2024-05-04 1400UT,C217,-26.535,-56.75,26,-61.2,25,1,"-0.38,+0.49",1.0
O1_toros_01-04mai,2024-05-04 1400UT,C219,-26.871,-53.529,322,-59.1,41,1,"+0.86,+0.60",1.0
O1_toros_01-04mai,2024-05-04 1400UT,C208,-26.848,-56.346,471,-65.4,25,1,"-0.14,-0.60",1.0
O1_toros_01-04mai,2024-05-04 1400UT,C220,-27.125,-53.249,26,-60.9,15,1,,1.0
O1_toros_01-04mai,2024-05-04 1400UT,C221,-27.339,-54.534,992,-65.7,7,1,,1.0
O1_toros_01-04mai,2024-05-04 1400UT,C222,-28.191,-53.522,89,-62.7,19,1,,1.0
O1_toros_01-04mai,2024-05-04 1500UT,C215,-26.483,-53.617,31,-57.4,18,1,"+0.03,-0.32",1.0
O1_toros_01-04mai,2024-05-04 1500UT,C218,-26.749,-52.393,660,-62.3,0,0,"-0.15,+0.50",1.0
O1_toros_01-04mai,2024-05-04 1500UT,C208,-27.095,-56.121,1062,-66.0,55,1,"-0.25,+0.22",1.0
O1_toros_01-04mai,2024-05-04 1500UT,C220,-27.264,-52.475,144,-61.9,18,1,"-0.14,+0.77",1.0
O1_toros_01-04mai,2024-05-04 1500UT,C221,-27.797,-54.144,939,-62.8,2,0,"-0.46,+0.39",1.0
O1_toros_01-04mai,2024-05-04 1600UT,C218,-26.974,-51.499,325,-58.3,0,0,"-0.23,+0.89",1.0
O1_toros_01-04mai,2024-05-04 1600UT,C208,-27.605,-55.262,1254,-63.5,48,1,"-0.51,+0.86",1.0
O1_toros_01-04mai,2024-05-04 1600UT,C220,-27.342,-52.19,43,-61.9,14,1,"-0.08,+0.28",1.0
O1_toros_01-04mai,2024-05-04 1600UT,C223,-27.489,-51.734,88,-59.0,0,0,,1.0
O1_toros_01-04mai,2024-05-04 1600UT,C221,-28.274,-53.523,595,-60.6,0,0,"-0.48,+0.62",1.0
O1_toros_01-04mai,2024-05-04 1700UT,C220,-27.028,-52.411,95,-59.5,1,0,"+0.31,-0.22",1.0
O1_toros_01-04mai,2024-05-04 1700UT,C223,-27.419,-51.495,67,-60.7,1,0,"+0.07,+0.24",1.0
O1_toros_01-04mai,2024-05-04 1700UT,C218,-27.625,-51.166,90,-56.6,0,0,"-0.65,+0.33",1.0
O1_toros_01-04mai,2024-05-04 1700UT,C208,-28.029,-54.569,1588,-62.2,48,1,"-0.42,+0.69",1.0
O1_toros_01-04mai,2024-05-04 1700UT,C224,-27.764,-55.924,45,-61.2,27,1,,1.0
O1_toros_01-04mai,2024-05-04 1700UT,C221,-28.036,-52.518,46,-56.8,0,0,"+0.24,+1.00",1.0
O1_toros_01-04mai,2024-05-04 1800UT,C208,-28.377,-53.898,1558,-64.6,23,1,"-0.35,+0.67",1.0
O1_toros_01-04mai,2024-05-04 1800UT,C221,-28.139,-53.199,39,-62.3,0,0,"-0.10,-0.68",1.0
O1_toros_01-04mai,2024-05-04 1800UT,C225,-28.535,-52.9,25,-56.2,0,0,,1.0
O1_toros_01-04mai,2024-05-04 1900UT,C226,-27.263,-51.131,70,-62.2,20,1,,1.0
O1_toros_01-04mai,2024-05-04 1900UT,C227,-27.68,-50.247,44,-57.7,1,0,,1.0
O1_toros_01-04mai,2024-05-04 1900UT,C225,-28.656,-53.06,1684,-61.7,11,1,"-0.12,-0.16",1.0
O1_toros_01-04mai,2024-05-04 1900UT,C208,-28.199,-53.572,47,-58.8,22,1,"+0.18,+0.33",1.0
O1_toros_01-04mai,2024-05-04 1900UT,C221,-28.684,-53.811,62,-60.4,22,1,"-0.55,-0.61",1.0
O1_toros_01-04mai,2024-05-04 2000UT,C227,-27.298,-50.178,26,-57.8,26,1,"+0.38,+0.07",0.38
O1_toros_01-04mai,2024-05-04 2000UT,C225,-28.33,-52.308,209,-60.0,11,1,"+0.33,+0.75",0.38
O1_toros_01-04mai,2024-05-04 2000UT,C208,-28.397,-52.869,142,-64.2,37,1,"-0.20,+0.70",0.38
O1_toros_01-04mai,2024-05-04 2000UT,C228,-28.828,-52.218,119,-57.5,19,1,,0.38
O1_toros_01-04mai,2024-05-04 2000UT,C221,-29.226,-52.692,774,-59.6,25,1,"-0.54,+1.12",0.38
O1_toros_01-04mai,2024-05-04 2000UT,C229,-29.111,-54.375,126,-62.7,19,1,,0.38
O1_toros_01-04mai,2024-05-04 2000UT,C230,-29.086,-53.984,117,-61.2,21,1,,0.38
O1_toros_01-04mai,2024-05-04 2100UT,C228,-28.51,-51.431,31,-57.1,10,1,"+0.32,+0.79",0.0
O1_toros_01-04mai,2024-05-04 2100UT,C225,-28.71,-51.739,331,-61.1,19,1,"-0.38,+0.57",0.0
O1_toros_01-04mai,2024-05-04 2100UT,C221,-29.501,-51.983,1350,-60.4,2,0,"-0.28,+0.71",0.0
O1_toros_01-04mai,2024-05-04 2100UT,C231,-29.063,-51.48,44,-58.0,12,1,,0.0
O1_toros_01-04mai,2024-05-04 2100UT,C230,-29.472,-53.518,538,-66.3,31,1,"-0.39,+0.47",0.0
O1_toros_01-04mai,2024-05-04 2100UT,C208,-29.748,-52.799,40,-56.7,3,0,"-1.35,+0.07",0.0
O1_toros_01-04mai,2024-05-04 2200UT,C231,-29.155,-50.99,42,-57.1,8,1,"-0.09,+0.49",0.0
O1_toros_01-04mai,2024-05-04 2200UT,C230,-29.339,-53.843,26,-58.6,22,1,"+0.13,-0.32",0.0
O1_toros_01-04mai,2024-05-04 2200UT,C208,-29.497,-53.933,41,-64.4,26,1,"+0.25,-1.13",0.0
O1_toros_01-04mai,2024-05-04 2200UT,C221,-29.859,-52.356,392,-59.0,0,0,"-0.36,-0.37",0.0
O1_toros_01-04mai,2024-05-04 2200UT,C225,-29.793,-51.086,27,-55.8,0,0,"-1.08,+0.65",0.0
O1_toros_01-04mai,2024-05-04 2200UT,C228,-29.859,-51.572,52,-57.3,0,0,"-1.35,-0.14",0.0
O1_toros_01-04mai,2024-05-04 2200UT,C232,-30.226,-51.033,199,-56.9,0,0,,0.0
O1_toros_01-04mai,2024-05-04 2200UT,C233,-30.064,-52.744,27,-56.6,55,1,,0.0
O1_toros_01-04mai,2024-05-04 2300UT,C225,-29.665,-50.323,40,-56.7,0,0,"+0.13,+0.76",0.0
O1_toros_01-04mai,2024-05-04 2300UT,C233,-29.77,-52.93,145,-63.5,6,1,"+0.29,-0.19",0.0
