data,VPI_925,VPI_850,VPI_700,VPI_600,VPI_500,VPI_400,VPI_300,VPI_baixo,VPI_alto,VPI_dipolo,SLW_kg_m2,IVT_kg_m_s,TCLW_kg_m2,dominio
2024-04-01,-0.25778747,-0.2065086,-0.20336732,-0.20852725,-0.1956276,-0.19368002,-0.15733345,-0.20493796,-0.17550674,-0.029431233,0.020038405959288172,91.27657,0.0754018,brasil
2024-04-02,-0.2264029,-0.21409774,-0.20984773,-0.19400108,-0.19166034,-0.19165975,-0.15809925,-0.21197274,-0.17487949,-0.037093244,0.019244863600619166,82.17836,0.08021052,brasil
2024-04-03,-0.230861,-0.23935063,-0.21459602,-0.16600244,-0.18080479,-0.19870731,-0.1565025,-0.22697333,-0.1776049,-0.049368426,0.017492360737441343,114.10729,0.07270034,brasil
2024-04-04,-0.2215766,-0.23909904,-0.2040588,-0.16795762,-0.1813578,-0.17533645,-0.12555388,-0.22157893,-0.15044516,-0.071133755,0.01866745059585953,126.31707,0.07795501,brasil
2024-04-05,-0.23789522,-0.22525282,-0.19103055,-0.17324042,-0.18273517,-0.16855383,-0.13011147,-0.20814167,-0.14933264,-0.058809023,0.023446882888187,132.23662,0.08780436,brasil
2024-04-06,-0.20300232,-0.1951527,-0.18081021,-0.18821995,-0.1865136,-0.18304838,-0.1669105,-0.18798146,-0.17497945,-0.013002021,0.027461758191917665,132.51338,0.09882464,brasil
2024-04-07,-0.25945306,-0.26707792,-0.25613052,-0.20258741,-0.20566522,-0.18306845,-0.18159994,-0.26160425,-0.1823342,-0.079270035,0.027032346083562406,112.81891,0.10179524,brasil
2024-04-08,-0.25396523,-0.27345383,-0.24451178,-0.19579223,-0.21101363,-0.18924092,-0.1797755,-0.2589828,-0.1845082,-0.0744746,0.024380160687651864,118.12974,0.09770748,brasil
2024-04-09,-0.25039154,-0.2654176,-0.2624546,-0.20460205,-0.20147415,-0.1819545,-0.14553663,-0.2639361,-0.16374557,-0.10019052,0.02083469760780142,118.67102,0.09012338,brasil
2024-04-10,-0.21614243,-0.20719345,-0.21008709,-0.20546879,-0.19805354,-0.15351059,-0.10976331,-0.20864026,-0.13163695,-0.077003315,0.028946112089079837,107.02164,0.11304501,brasil
2024-04-11,-0.1729653,-0.17780519,-0.17432116,-0.19599986,-0.19034207,-0.1392191,-0.108853586,-0.17606318,-0.12403634,-0.052026838,0.03582912393706268,91.35826,0.13677359,brasil
2024-04-12,-0.1389525,-0.18031606,-0.16583656,-0.18393792,-0.18681031,-0.12669665,-0.13541394,-0.1730763,-0.1310553,-0.042021014,0.033054578143209896,121.33248,0.14068292,brasil
2024-04-13,-0.11796197,-0.16280285,-0.18517163,-0.18679945,-0.1757722,-0.12898052,-0.13190398,-0.17398724,-0.13044225,-0.043545,0.037890323394939876,128.22968,0.16110608,brasil
2024-04-14,-0.079055555,-0.115052015,-0.16467294,-0.19121674,-0.18234375,-0.16140291,-0.17045668,-0.13986248,-0.1659298,0.02606731,0.03490074444590027,119.749756,0.1507344,brasil
2024-04-15,-0.119828075,-0.1450765,-0.18223162,-0.18218894,-0.21562988,-0.22264497,-0.31816778,-0.16365406,-0.27040637,0.10675232,0.030675554331109935,167.11679,0.14010248,brasil
2024-04-16,-0.29310817,-0.30856508,-0.27713853,-0.21251085,-0.22105245,-0.23501657,-0.26824695,-0.2928518,-0.25163177,-0.04122004,0.023266359475672,161.7793,0.109420106,brasil
2024-04-17,-0.62510383,-0.6129208,-0.5006794,-0.24984172,-0.20078056,-0.21153824,-0.20379534,-0.5568001,-0.20766678,-0.34913334,0.01870404428850924,134.28868,0.08575204,brasil
2024-04-18,-0.7048639,-0.6242878,-0.52486,-0.23898226,-0.18685862,-0.20091033,-0.18703091,-0.5745739,-0.19397062,-0.38060328,0.018972978179706446,130.72305,0.08354258,brasil
2024-04-19,-0.6537812,-0.6187093,-0.4921374,-0.2147767,-0.18763463,-0.1846173,-0.20022273,-0.5554234,-0.19242002,-0.36300337,0.018882196511808894,117.94632,0.07360448,brasil
2024-04-20,-0.5615095,-0.5682893,-0.43359724,-0.19733763,-0.17828539,-0.17039298,-0.14349957,-0.50094324,-0.15694627,-0.34399697,0.018370357293948446,136.13644,0.06454466,brasil
2024-04-21,-0.320708,-0.3768316,-0.27056664,-0.18387124,-0.16745701,-0.15034585,-0.12469024,-0.32369912,-0.13751805,-0.18618107,0.02187197125249199,153.70949,0.0718858,brasil
2024-04-22,-0.25524634,-0.30316994,-0.22591542,-0.17712538,-0.17023936,-0.16355237,-0.14747077,-0.26454267,-0.15551157,-0.1090311,0.019890924438321324,133.52039,0.08131437,brasil
2024-04-23,-0.33059976,-0.31008855,-0.27893203,-0.17446013,-0.18028364,-0.18636197,-0.12741141,-0.29451028,-0.15688668,-0.13762361,0.025170856446857397,107.72277,0.0907725,brasil
2024-04-24,-0.39463776,-0.3471078,-0.28989407,-0.19595417,-0.18192013,-0.15964493,-0.10382403,-0.31850094,-0.13173448,-0.18676645,0.023289229580998966,78.74875,0.09801346,brasil
2024-04-25,-0.41353196,-0.36880127,-0.30125877,-0.18945768,-0.17502093,-0.13867728,-0.11255974,-0.33503002,-0.12561852,-0.2094115,0.023468286314795347,83.77951,0.10052803,brasil
2024-04-26,-0.33997685,-0.34700623,-0.28390828,-0.18708864,-0.16651268,-0.12702736,-0.11425721,-0.31545725,-0.12064229,-0.19481497,0.018830812343240164,113.70245,0.08300895,brasil
2024-04-27,-0.29654768,-0.29540566,-0.26600778,-0.17633721,-0.15953372,-0.15477048,-0.13168359,-0.2807067,-0.14322703,-0.13747968,0.021125309854591396,99.51148,0.087595835,brasil
2024-04-28,-0.3199934,-0.2852563,-0.26603314,-0.18664706,-0.17165416,-0.15372065,-0.12660211,-0.27564472,-0.14016137,-0.13548335,0.018143756604327398,62.86593,0.081640504,brasil
2024-04-29,-0.24661928,-0.21589944,-0.18476927,-0.15119764,-0.14557874,-0.13459454,-0.14076571,-0.20033437,-0.13768013,-0.06265423,0.015823960350586364,105.6891,0.064801,brasil
2024-04-30,-0.28301305,-0.24799764,-0.18614134,-0.1401474,-0.15145028,-0.16038528,-0.12612842,-0.21706949,-0.14325684,-0.07381264,0.018914109963495605,135.0455,0.06806322,brasil
2024-05-01,-0.2423474,-0.20912045,-0.20224737,-0.12960167,-0.1410237,-0.16969348,-0.14248541,-0.2056839,-0.15608944,-0.04959446,0.016366964439508552,121.91593,0.07155818,brasil
2024-05-02,-0.21714604,-0.18539023,-0.18911079,-0.15159838,-0.13957623,-0.17656428,-0.16410665,-0.18725051,-0.17033546,-0.01691505,0.0220022758670588,110.576004,0.09651939,brasil
2024-05-03,-0.19469321,-0.17826805,-0.18184471,-0.15000765,-0.12689807,-0.16410902,-0.18413529,-0.18005638,-0.17412215,-0.00593422,0.017887872753751227,100.63427,0.09597748,brasil
2024-05-04,-0.3643109,-0.31894743,-0.27490005,-0.16770542,-0.14203273,-0.1514875,-0.16513693,-0.29692376,-0.1583122,-0.13861153,0.01929922743662464,157.65833,0.082345545,brasil
2024-05-05,-0.43311316,-0.39357126,-0.3168511,-0.17404382,-0.15366253,-0.14223255,-0.116741486,-0.3552112,-0.12948702,-0.22572418,0.018466751264824426,205.65591,0.078169554,brasil
2024-05-06,-0.2829411,-0.2643265,-0.22529252,-0.13924414,-0.16713461,-0.12739182,-0.13094094,-0.24480951,-0.12916638,-0.115643136,0.02135921286907167,192.4724,0.085011125,brasil
2024-05-07,-0.20683245,-0.18915805,-0.17761157,-0.11810631,-0.15973076,-0.13019492,-0.14683238,-0.18338482,-0.13851365,-0.044871174,0.020688084252774727,150.05513,0.08091222,brasil
2024-05-08,-0.27653128,-0.25628543,-0.22752577,-0.15329683,-0.15946555,-0.14206444,-0.15474153,-0.2419056,-0.14840299,-0.09350262,0.018066689144512184,136.76802,0.074213,brasil
2024-05-09,-0.4316726,-0.4132618,-0.34578463,-0.17275675,-0.1438515,-0.12343072,-0.12945434,-0.37952322,-0.12644254,-0.25308067,0.022678941166208395,136.61528,0.09188144,brasil
2024-05-10,-0.36868677,-0.4030162,-0.28884447,-0.15875623,-0.13419977,-0.13814561,-0.119834125,-0.34593034,-0.12898986,-0.21694048,0.021840938863200994,123.75446,0.09219665,brasil
2024-05-11,-0.2868152,-0.295912,-0.29362893,-0.17798638,-0.13891648,-0.106786035,-0.08226086,-0.29477048,-0.09452345,-0.20024702,0.020218395927505028,78.38484,0.093631536,brasil
2024-05-12,-0.27142,-0.23922172,-0.29043615,-0.17239338,-0.122652635,-0.11743313,-0.10114369,-0.26482895,-0.10928841,-0.15554053,0.019011449185943833,70.972694,0.10839369,brasil
2024-05-13,-0.26917443,-0.25856695,-0.3009454,-0.19110022,-0.1287093,-0.12029125,-0.11201514,-0.27975616,-0.116153196,-0.16360296,0.019055002274975398,55.618393,0.11751671,brasil
2024-05-14,-0.3118903,-0.2741664,-0.3202592,-0.16923864,-0.12598693,-0.11590649,-0.074626744,-0.2972128,-0.09526662,-0.2019462,0.020723952519799225,47.54876,0.11723385,brasil
2024-05-15,-0.2526078,-0.25477546,-0.27533072,-0.15782131,-0.12713411,-0.12949508,-0.08963493,-0.2650531,-0.10956501,-0.15548809,0.017081884436163645,76.7779,0.09340314,brasil
2024-05-16,-0.18984012,-0.22912788,-0.20137636,-0.121878415,-0.10801481,-0.13103814,-0.11277901,-0.21525213,-0.121908575,-0.093343556,0.01739582842276936,97.49324,0.08268507,brasil
2024-05-17,-0.18790929,-0.2208168,-0.24188302,-0.1171354,-0.10844072,-0.1698055,-0.25410238,-0.23134992,-0.21195394,-0.019395981,0.020312517777392458,80.78379,0.09373512,brasil
2024-05-18,-0.20081106,-0.21465477,-0.235816,-0.114265844,-0.13620669,-0.2003552,-0.37258807,-0.22523539,-0.28647164,0.06123624,0.0259640702390109,76.14434,0.10759655,brasil
2024-05-19,-0.46372426,-0.43358737,-0.35717264,-0.17313097,-0.15551673,-0.1921955,-0.32085127,-0.39538002,-0.25652337,-0.13885662,0.022154235096016113,99.725426,0.104001455,brasil
2024-05-20,-0.48257726,-0.44553292,-0.33749276,-0.17602116,-0.15989831,-0.16764417,-0.20040068,-0.39151284,-0.18402243,-0.2074904,0.016685293807206975,120.38662,0.08249572,brasil
2024-05-21,-0.38550675,-0.3638172,-0.28671083,-0.14998996,-0.14818643,-0.1663642,-0.13830107,-0.325264,-0.15233263,-0.17293137,0.008740221033847192,137.03645,0.063367486,brasil
2024-05-22,-0.268634,-0.2939157,-0.25303194,-0.14456047,-0.14894058,-0.14948906,-0.13404253,-0.27347383,-0.1417658,-0.13170803,0.008972306234296124,154.74893,0.07247502,brasil
2024-05-23,-0.20519352,-0.23095661,-0.2183527,-0.15313925,-0.13659121,-0.13277899,-0.20101944,-0.22465466,-0.1668992,-0.057755448,0.01508634288524804,134.38486,0.092475966,brasil
2024-05-24,-0.3289404,-0.3391931,-0.3086288,-0.17847474,-0.13755894,-0.13835989,-0.19832453,-0.32391095,-0.16834222,-0.15556872,0.02332447236992883,70.35386,0.10818487,brasil
2024-05-25,-0.25235713,-0.30119735,-0.26980123,-0.17040333,-0.13017467,-0.12432028,-0.12018251,-0.28549927,-0.12225139,-0.16324788,0.021114086127938327,82.530365,0.101838455,brasil
2024-05-26,-0.29846743,-0.39480233,-0.34176597,-0.1733514,-0.12920462,-0.14093737,-0.15333062,-0.36828414,-0.147134,-0.22115013,0.029175881203350813,101.27484,0.11578057,brasil
2024-05-27,-0.42732808,-0.43968955,-0.3828448,-0.18142849,-0.13903317,-0.14937468,-0.18093887,-0.41126716,-0.16515677,-0.24611038,0.035137395577819745,99.69958,0.13343833,brasil
2024-05-28,-0.56805545,-0.5749791,-0.41423824,-0.2182781,-0.1714833,-0.13195083,-0.14113112,-0.49460867,-0.13654098,-0.35806772,0.029918192392310215,98.04458,0.115537435,brasil
2024-05-29,-0.70863485,-0.6946713,-0.48527429,-0.2295835,-0.13650548,-0.12102941,-0.18474221,-0.5899728,-0.15288581,-0.437087,0.023814769524283665,88.22738,0.08585178,brasil
2024-05-30,-0.79900897,-0.71611243,-0.5378201,-0.21369174,-0.12920174,-0.11352578,-0.1517117,-0.62696624,-0.13261874,-0.4943475,0.014256920242402773,85.35185,0.07864732,brasil
