datetime,Jz_rms,absJz,nst,Kp_max,Dst_min,aod550_total,aod550_org,aod550_bc,aod550_fumaca
2024-01-01,9.905030926566193,5.661412360652404,9.989473684210527,4.0,-27.0,0.133935,0.07598673,0.0059344857,0.08192121
2024-01-02,7.440910321068678,5.043039078215336,10.336842105263157,2.667,-17.0,0.12980494,0.07299991,0.005501156,0.07850106
2024-01-03,4.458596755097991,3.506139152360573,10.989473684210527,3.333,-22.0,0.12420152,0.0693104,0.005066206,0.074376605
2024-01-04,8.497801501385611,5.272114723796134,10.989473684210527,2.667,-18.0,0.12084215,0.06616738,0.004859751,0.07102713
2024-01-05,5.141842584185498,3.863210240425323,11.494736842105263,2.0,-20.0,0.11394239,0.05834995,0.004637831,0.06298778
2024-01-06,8.099960070672163,5.420413241924862,11.221052631578948,1.0,-12.0,0.11127606,0.056719005,0.0047781104,0.061497115
2024-01-07,5.761386007452305,3.6834895639863205,12.0,0.333,-5.0,0.09994493,0.05514859,0.0049040634,0.060052652
2024-01-08,6.662817733879429,4.8622899756294204,11.989473684210527,2.0,0.0,0.101977035,0.058526672,0.0050995843,0.06362626
2024-01-09,7.449673321966214,4.567163136688815,11.894736842105264,2.333,-1.0,0.11640829,0.06813969,0.006013087,0.074152775
2024-01-10,8.700371900058359,5.638131104795269,11.23157894736842,2.333,-11.0,0.13255163,0.07940541,0.006641398,0.08604681
2024-01-11,7.51661854792697,4.0438249386106895,12.48421052631579,2.0,-18.0,0.14455618,0.08780567,0.007145851,0.094951525
2024-01-12,2.9701042914079507,1.9314034082746312,12.44,1.333,-12.0,0.13591969,0.08168019,0.006650562,0.08833076
2024-01-13,9.617630683631093,6.330157782923358,12.778947368421052,0.667,-6.0,0.1112756,0.0656071,0.005493178,0.07110028
2024-01-14,7.491853471568255,4.805129415200213,12.789473684210526,2.0,-24.0,0.099325776,0.059515774,0.0050001186,0.064515896
2024-01-15,10.598211109770544,6.343844057606476,12.031578947368422,2.333,-13.0,0.09435788,0.0563393,0.0045593586,0.060898658
2024-01-16,11.63228951187684,7.306988497499867,12.989473684210527,2.667,-9.0,0.09778411,0.057824917,0.0046422803,0.062467195
2024-01-17,13.11903592073887,7.991158579975007,12.978947368421053,1.333,-7.0,0.1068919,0.06340719,0.0050182836,0.06842548
2024-01-18,11.070183345288203,7.206953107157823,10.757894736842106,2.333,-14.0,0.116629474,0.0674217,0.0051519237,0.07257362
2024-01-19,8.355763001635065,5.411596087927026,10.873684210526315,2.667,-23.0,0.11723284,0.06678329,0.005228537,0.07201182
2024-01-20,6.044519557108761,4.236592794080407,11.621052631578948,2.333,-13.0,0.11971817,0.06891985,0.005280314,0.07420017
2024-01-21,6.729698115540806,4.971300161118646,10.989473684210527,2.0,-14.0,0.12504877,0.06988223,0.005502049,0.075384274
2024-01-22,8.216353911636082,4.969358091246054,10.68421052631579,3.333,-8.0,0.1256954,0.06800701,0.0055730944,0.0735801
2024-01-23,3.8877048060284736,2.9008475887340244,12.326315789473684,2.667,-11.0,0.12691611,0.06760779,0.0054387017,0.0730465
2024-01-24,5.647721201741024,4.1392954257700385,13.442105263157895,3.333,-15.0,0.12632701,0.06856966,0.00531135,0.073881015
2024-01-25,8.712861138705073,6.589997793226272,11.48421052631579,2.333,-4.0,0.12150042,0.065974474,0.005204345,0.071178816
2024-01-26,4.13560769451313,2.7946345768648024,11.305263157894737,2.0,-8.0,0.12869416,0.070644625,0.0058923005,0.07653692
2024-01-27,6.663511619969509,4.551464198555169,10.0,2.333,-10.0,0.13464502,0.07479811,0.0064508733,0.081248984
2024-01-28,35.783632744454145,14.86778065155643,10.063157894736841,3.0,-10.0,0.144402,0.0819542,0.0074954187,0.08944963
2024-01-29,5.728299884456318,3.8708145303338437,10.0,2.667,-10.0,0.15501384,0.08518718,0.008047821,0.093235
2024-01-30,73.0087712293525,52.18688115061837,9.736842105263158,2.333,-14.0,0.15380314,0.081823416,0.007734646,0.089558065
2024-01-31,16.35353502211054,6.895876142592591,9.926315789473684,2.333,-11.0,0.15498008,0.079471685,0.0072294725,0.08670116
2024-02-01,5.683975259912194,3.630932569317694,10.16842105263158,2.0,-9.0,0.14676327,0.07264181,0.0064626983,0.07910451
2024-02-02,6.968963801268318,4.375708805242092,11.221052631578948,1.0,-7.0,0.12279276,0.060214624,0.005235897,0.06545052
2024-02-03,10.147480359453155,5.598765304632026,11.926315789473684,0.667,-3.0,0.116417676,0.060297333,0.0053569167,0.06565425
2024-02-04,11.005208386642533,6.930978514538368,12.0,3.0,-3.0,0.13328978,0.07362512,0.0065994393,0.08022456
2024-02-05,11.733932372189203,5.614112319830334,11.947368421052632,2.667,2.0,0.14435433,0.080633305,0.006785017,0.08741832
2024-02-06,8.60871582539313,6.073131615943835,11.4,3.0,-12.0,0.13400935,0.0722068,0.005978044,0.07818484
2024-02-07,34.33445161672181,18.370228560543328,11.852631578947369,1.333,-5.0,0.13048272,0.06870557,0.0057264618,0.07443204
2024-02-08,6.813296466580973,5.054335751789988,11.063157894736841,1.667,-10.0,0.13764502,0.073373064,0.00576262,0.079135686
2024-02-09,12.865368194520025,8.400818774993844,11.578947368421053,3.0,-9.0,0.15447265,0.083308145,0.0064523527,0.089760505
2024-02-10,7.5416677625749795,5.517430677309178,12.989473684210527,2.333,5.0,0.16496974,0.08760758,0.006847021,0.0944546
2024-02-11,9.165772432098459,7.157895418516161,12.536842105263158,4.333,-21.0,0.16144216,0.08389537,0.0068738316,0.0907692
2024-02-12,8.092702383633435,6.336931503930401,12.094736842105263,2.333,-15.0,0.15433842,0.07886565,0.0068153706,0.085681014
2024-02-13,27.982414923579004,16.0455286745787,12.031578947368422,3.667,-18.0,0.14857386,0.07221675,0.0058590197,0.07807577
2024-02-14,16.081963240132826,8.380182085391578,11.23157894736842,3.0,-20.0,0.13981667,0.0648154,0.005198853,0.07001425
2024-02-15,8.994311040390288,6.342653639649419,11.48421052631579,1.333,-6.0,0.13593684,0.06433034,0.0052165836,0.06954692
2024-02-16,20.67710294500496,11.419314193648066,11.31578947368421,2.0,-13.0,0.1407395,0.07039489,0.0054925764,0.07588746
2024-02-17,26.23569135322747,12.205071644022224,10.526315789473685,2.0,-15.0,0.1375477,0.07021691,0.0054894383,0.07570635
2024-02-18,5.789751003977316,4.147400160623209,10.663157894736843,3.333,-26.0,0.14265457,0.07429458,0.0056813923,0.07997598
2024-02-19,22.16758747817291,9.362969973309129,9.073684210526316,0.333,-8.0,0.16131309,0.08549263,0.006623852,0.09211649
2024-02-20,5.974845805728425,4.263886433178571,11.936842105263159,2.333,-18.0,0.16064781,0.08584871,0.007806533,0.09365524
2024-02-21,19.307869517458776,8.024063382865508,10.68421052631579,1.333,-3.0,0.16457829,0.08973082,0.0097593125,0.099490136
2024-02-22,18.110738483813005,9.575956311227497,10.989473684210527,1.667,-14.0,0.17033824,0.09659644,0.011393129,0.10798957
2024-02-23,35.74692797213703,18.429185579270435,10.705263157894738,1.333,-1.0,0.18817651,0.11137807,0.0132656535,0.12464373
2024-02-24,11.702262407334436,7.684075676389289,9.978947368421053,2.333,-13.0,0.18744035,0.110046595,0.012940849,0.12298745
2024-02-25,18.69894990132008,9.611358215688378,9.989473684210527,3.0,-27.0,0.1787258,0.09958921,0.011179781,0.11076899
2024-02-26,11.015784066393794,7.807634827433249,9.442105263157895,3.0,-18.0,0.18002991,0.09403888,0.01000379,0.10404267
2024-02-27,50.19889662479293,34.21479374847787,9.063157894736841,4.333,-25.0,0.16034992,0.081311546,0.008468347,0.08977989
2024-02-28,12.123337233521191,7.919821762209993,9.147368421052631,2.0,-18.0,0.1418667,0.07155428,0.0077947853,0.07934907
2024-02-29,11.172677348362477,7.717306054892875,9.0,1.667,-4.0,0.1404014,0.07315771,0.008057576,0.08121529
2024-03-01,10.133424861708654,7.562768938688727,9.0,2.667,-22.0,0.14512661,0.078572765,0.008214943,0.08678771
2024-03-02,10.799455512876397,7.621448112634205,8.978947368421053,2.333,-12.0,0.13655128,0.074718215,0.0076776086,0.08239582
2024-03-03,8.779748364424579,6.329429138780396,9.336842105263157,6.333,,0.13126686,0.07243945,0.0072876,0.079727046
2024-03-04,5.652088051266025,3.906876139833719,8.51578947368421,4.0,-86.0,0.14953104,0.08456848,0.008165793,0.09273427
2024-03-05,9.490522249864366,5.754778728513139,7.842105263157895,2.667,-37.0,0.1497071,0.08446233,0.0084254155,0.092887744
2024-03-06,91.37921336143613,45.62666403051941,7.2,3.0,-32.0,0.13916358,0.07750012,0.0076775663,0.08517769
2024-03-07,9.770559595642155,5.891092466375599,8.0,3.667,-36.0,0.13715035,0.07322964,0.0065778308,0.07980747
2024-03-08,7.216080234725508,5.380922200190226,7.989473684210527,3.667,-25.0,0.141114,0.07134959,0.0058252313,0.07717482
2024-03-09,11.01941887638697,7.0974713696031335,7.421052631578948,4.0,-25.0,0.13721412,0.06878111,0.0054955576,0.07427667
2024-03-10,10.456837151448616,6.785017590983078,5.842105263157895,2.333,-17.0,0.13014443,0.06776354,0.0054533905,0.07321692
2024-03-11,13.313703381693934,8.61782894226966,7.842105263157895,2.0,-14.0,0.1172239,0.06238522,0.00531799,0.06770321
2024-03-12,5.848327924439854,3.6816259433436764,9.021052631578947,2.333,-12.0,0.117534205,0.0639697,0.0057459325,0.069715634
2024-03-13,27.432945409715234,10.815565526177046,8.76842105263158,3.333,-21.0,0.13384813,0.07446617,0.0068662725,0.08133244
2024-03-14,6.08703624137251,4.1126497740192915,9.0,3.0,-12.0,0.15198514,0.08486338,0.007855667,0.09271905
2024-03-15,6.430476888600982,4.151202880452222,9.0,3.333,-16.0,0.1592183,0.09004496,0.008457284,0.09850225
2024-03-16,27.270474206954884,11.250337337490741,9.31578947368421,0.667,-3.0,0.16341314,0.09436399,0.008791816,0.1031558
2024-03-17,10.814499117666875,7.607596315246666,10.0,0.333,1.0,0.15913412,0.091696315,0.008305345,0.10000166
2024-03-18,66.00206034745554,39.065487529883505,9.884210526315789,2.667,-15.0,0.14722723,0.083407156,0.007387365,0.09079452
2024-03-19,10.151117764580732,8.456220471253982,10.978947368421053,2.667,-25.0,0.1516476,0.085219145,0.007246446,0.092465594
2024-03-20,7.831542804342717,5.019919175533264,10.905263157894737,2.333,-6.0,0.16700652,0.094402745,0.008081131,0.102483876
2024-03-21,8.495706728178378,5.902074525988426,10.115789473684211,4.667,-74.0,0.18252583,0.102900416,0.009458863,0.11235928
2024-03-22,10.78583250584374,6.0816925459414755,10.726315789473684,3.333,-51.0,0.18264146,0.0999921,0.009725768,0.10971786
2024-03-23,14.59365248051673,11.376648273263022,10.863157894736842,5.667,-79.0,0.1765025,0.097284675,0.010245023,0.1075297
2024-03-24,18.24044460824404,13.347721081461657,9.947368421052632,8.333,,0.17395663,0.096900724,0.011170689,0.10807142
2024-03-25,11.449085067640981,7.553117008433085,8.621052631578948,5.0,-88.0,0.17117628,0.09841085,0.012384662,0.11079551
2024-03-26,19.149253661370505,9.656412387881357,7.578947368421052,3.0,-57.0,0.19185023,0.1129071,0.015184848,0.12809195
2024-03-27,11.777977271446636,8.595530482894667,7.178947368421053,3.0,-33.0,0.20722884,0.12462427,0.017538834,0.1421631
2024-03-28,33.35979269100564,13.44447753657013,7.5473684210526315,2.667,-17.0,0.21139614,0.12600261,0.017065663,0.14306827
2024-03-29,9.158857413833717,6.676604035633548,8.926315789473684,1.667,-10.0,0.20240161,0.117994994,0.014723565,0.13271856
2024-03-30,12.366057365924382,7.9415186457292775,7.989473684210527,1.667,-5.0,0.1808439,0.10519305,0.0123261,0.11751915
2024-03-31,11.44695067034126,8.445975539240237,8.0,3.667,-17.0,0.1567166,0.092923254,0.009774637,0.102697894
2024-04-01,45.174308186521294,20.520975916553702,8.536842105263158,3.667,-33.0,0.14927213,0.08706934,0.008784847,0.09585419
2024-04-02,7.010823508036038,4.992231912658024,7.589473684210526,2.667,-21.0,0.14757523,0.08504442,0.007746353,0.092790775
2024-04-03,37.19253875492576,17.877753898855918,9.621052631578948,2.667,-12.0,0.12974633,0.07335919,0.0065218634,0.07988105
2024-04-04,6.897889933711466,5.552914573270875,11.652631578947368,3.333,-21.0,0.12804773,0.071832135,0.0061884024,0.07802054
2024-04-05,20.661004429197128,9.624271261774727,10.705263157894738,3.333,-23.0,0.14375894,0.0806446,0.0063841627,0.087028764
2024-04-06,8.683372593047885,6.211120755421678,10.0,3.0,-27.0,0.14705925,0.07932055,0.0059385463,0.085259095
2024-04-07,8.52879785005573,5.443300671534489,9.536842105263158,2.333,-21.0,0.14972965,0.07701431,0.0058058114,0.082820125
2024-04-08,10.13572479206123,6.309410350708004,9.073684210526316,3.333,-23.0,0.15140712,0.07929978,0.0058187386,0.08511852
2024-04-09,24.400548430743644,10.166240687905432,10.526315789473685,3.333,-18.0,0.14803603,0.07888569,0.0059866793,0.084872365
2024-04-10,12.968730237537965,7.875730549459131,11.989473684210527,2.667,-9.0,0.150099,0.08007234,0.006780177,0.08685252
2024-04-11,14.146594620085791,6.456235095671032,11.442105263157895,2.667,-2.0,0.14728028,0.07826062,0.007049565,0.08531019
2024-04-12,8.669725436558542,5.53126440867107,10.8,2.333,-1.0,0.15673386,0.082267344,0.0069134296,0.08918077
2024-04-13,9.66502588107884,6.4150138183428504,11.147368421052631,2.0,2.0,0.16697341,0.08953229,0.0074494006,0.0969817
2024-04-14,9.003557445301336,5.892456527067497,11.810526315789474,1.667,1.0,0.16257112,0.08718501,0.0074835145,0.09466852
2024-04-15,13.727309601310077,8.361308371755364,10.0,2.667,-16.0,0.16430455,0.087797225,0.007384075,0.0951813
2024-04-16,12.887783555061523,10.651269843421284,10.115789473684211,5.333,-65.0,0.1560895,0.08193066,0.0067899134,0.088720575
2024-04-17,8.670919713897424,6.037951054307727,10.494736842105263,3.0,-49.0,0.13643983,0.06902952,0.00535936,0.07438888
2024-04-18,9.754813733155672,6.916567698644589,7.71578947368421,1.667,-13.0,0.1255059,0.0595557,0.0039568823,0.06351258
2024-04-19,29.70534530288667,14.317670895841346,9.778947368421052,7.0,-117.0,0.11971333,0.05288507,0.0033316629,0.056216735
2024-04-20,14.642688716489578,9.545682711769905,10.294736842105262,2.667,-68.0,0.11593659,0.05113746,0.0031498584,0.054287314
2024-04-21,11.917148886883881,8.522041258355424,9.2,4.0,-65.0,0.119864725,0.055495832,0.0033389456,0.058834776
2024-04-22,15.581259509142587,10.319872640753703,9.421052631578947,2.333,-46.0,0.11463015,0.055095594,0.003251836,0.05834743
2024-04-23,14.554885413759328,10.031647607124388,9.505263157894737,2.667,-30.0,0.11132931,0.05412872,0.0033269357,0.05745566
2024-04-24,10.750704627233493,7.249699998609056,9.83157894736842,1.0,-19.0,0.111748576,0.055149987,0.003573161,0.058723148
2024-04-25,10.819849020192754,6.9524294942163385,10.178947368421053,0.667,-7.0,0.11482899,0.056946333,0.0036046251,0.060550958
2024-04-26,12.163126253324725,8.42574670841225,10.473684210526315,5.0,-51.0,0.11838723,0.05961341,0.0036423677,0.06325578
2024-04-27,8.395173746277612,6.380755660686194,11.505263157894737,3.333,-39.0,0.11997795,0.059052348,0.00376393,0.06281628
2024-04-28,10.457182973561572,6.996678102520492,11.884210526315789,3.667,-39.0,0.115851805,0.057010382,0.0037825622,0.060792945
2024-04-29,10.247645405193417,7.513569550094054,9.757894736842106,2.667,-10.0,0.104164004,0.053581424,0.0036694463,0.05725087
2024-04-30,10.134522305524879,7.0481980640422215,10.989473684210527,4.333,-17.0,0.09661241,0.049099386,0.0035721129,0.0526715
2024-05-01,9.366345965709087,7.043445535592909,11.0,3.667,-26.0,0.10508381,0.055036224,0.0039470205,0.058983244
2024-05-02,7.110093648405764,5.1970472184509955,11.0,6.667,-89.0,0.113236964,0.058803275,0.003999506,0.062802784
2024-05-03,29.999415157694788,18.63495976861646,11.51578947368421,4.0,-55.0,0.119659126,0.060249817,0.0039610644,0.06421088
2024-05-04,16.433079032233717,9.230014766334744,9.694736842105263,3.0,-18.0,0.13393986,0.06627791,0.0041940394,0.07047194
2024-05-05,7.649380127958219,5.583162021377004,9.421052631578947,4.333,-39.0,0.13628149,0.06625475,0.004099502,0.07035425
2024-05-06,7.831972402111539,5.882880156408577,9.68421052631579,5.333,-43.0,0.12911624,0.061444692,0.003857799,0.06530249
2024-05-07,31.75693690368003,16.604679672125283,9.25263157894737,2.667,-15.0,0.12258515,0.058747888,0.003876225,0.06262411
2024-05-08,10.628796798961147,6.793855155903077,9.905263157894737,2.0,3.0,0.11863326,0.058292337,0.0039416584,0.062233992
2024-05-09,9.310131229542494,5.611720204709599,10.25263157894737,2.333,13.0,0.11800478,0.05663173,0.0037511084,0.060382836
2024-05-10,13.480600603743284,9.695781440990684,10.989473684210527,8.667,-339.0,0.11791321,0.057954084,0.0038442016,0.061798286
2024-05-11,17.111085243701872,11.103375509944314,10.642105263157895,9.0,-406.0,0.120752215,0.06031789,0.004170765,0.06448866
2024-05-12,11.984892054767464,9.200481878626979,11.0,7.0,-150.0,0.11911743,0.06183912,0.0043158988,0.06615502
2024-05-13,9.67761548582676,7.756709090015124,11.0,6.0,-93.0,0.11957518,0.06247945,0.0044341176,0.06691357
2024-05-14,9.409513822992393,7.0686700241363285,10.4,2.333,-54.0,0.11925828,0.060731884,0.004131207,0.06486309
2024-05-15,14.43476976151607,9.482081830234641,9.936842105263159,3.0,-49.0,0.121019125,0.06183635,0.004003495,0.06583985
2024-05-16,8.480686518610153,6.711245145302377,10.778947368421052,6.0,-82.0,0.12355426,0.06400223,0.004296262,0.06829849
2024-05-17,12.09278915973952,8.560587329431248,10.031578947368422,6.0,,0.13024877,0.07162204,0.004924463,0.0765465
2024-05-18,7.361067912840295,5.976172537431007,10.621052631578948,4.0,,0.1318673,0.07290691,0.0049839923,0.0778909
2024-05-19,8.226556282676995,6.049417005175834,10.421052631578947,2.667,,0.11767231,0.06660058,0.004641378,0.07124196
2024-05-20,8.126387541919037,6.042861816552521,11.23157894736842,2.333,,0.11403191,0.06734823,0.004707965,0.07205619
2024-05-21,8.003487503190026,5.720016508065215,11.126315789473685,2.667,,0.10458876,0.061169587,0.0045931563,0.06576274
2024-05-22,11.988373834469808,7.902915780527068,11.0,1.667,,0.10546748,0.06148278,0.0048568826,0.066339664
2024-05-23,8.958612462329743,5.678201257402178,10.989473684210527,3.333,,0.11168797,0.06432554,0.004991194,0.06931674
2024-05-24,7.443344974172418,5.196822483263421,11.0,3.0,,0.1109986,0.061332002,0.004725266,0.06605727
2024-05-25,5.804450276492471,4.153782870309433,10.442105263157895,2.333,,0.105171695,0.055271108,0.0041927006,0.059463806
2024-05-26,6.350255274266515,4.489427762690451,9.821052631578947,2.667,,0.105348386,0.054074038,0.0038659144,0.057939954
2024-05-27,8.27560903788534,5.62960846038629,7.831578947368421,3.0,,0.10217717,0.053969905,0.0036053488,0.057575256
2024-05-28,9.464570194582087,6.378033299060132,9.43157894736842,2.0,,0.096240334,0.04977538,0.003382721,0.053158104
2024-05-29,9.379471251075747,6.140642345633612,9.947368421052632,2.333,,0.09430312,0.047758833,0.0034095705,0.051168405
2024-05-30,10.97371197765206,7.296309047898324,11.021052631578947,3.333,,0.09161353,0.046749324,0.0034569977,0.050206322
2024-05-31,10.22752869381497,6.950500955687499,10.968421052631578,4.333,,0.08986345,0.049208254,0.0037169924,0.052925248
2024-06-01,6.5224672915113535,4.402641808583137,11.0,2.667,-25.0,0.08889151,0.049822733,0.0040797703,0.053902507
2024-06-02,10.048952277935964,6.867326444851642,11.0,2.333,-8.0,0.09731898,0.05493837,0.0046787416,0.05961711
2024-06-03,6.235454622486917,4.8640740538205645,11.0,4.333,-12.0,0.11279672,0.064283825,0.005314729,0.069598556
2024-06-04,9.691319260345873,6.818336528112832,11.0,2.667,-23.0,0.11631388,0.064261466,0.005554233,0.0698157
2024-06-05,8.622110253182939,5.72376771308774,10.91578947368421,2.333,-18.0,0.11221494,0.060376562,0.005492293,0.065868855
2024-06-06,8.176187490257291,6.244996864018693,10.694736842105263,2.0,-23.0,0.107209526,0.0577689,0.0053868233,0.063155726
2024-06-07,9.91774700073998,7.129444449164237,10.021052631578947,6.333,-29.0,0.10756329,0.05908573,0.0057351296,0.064820856
2024-06-08,9.119228884331642,6.831976049181473,10.978947368421053,4.667,-34.0,0.10748587,0.058192987,0.0054039797,0.063596964
2024-06-09,11.426431375411777,7.5345921182726645,10.357894736842105,2.0,-20.0,0.10512353,0.05501229,0.0049229846,0.059935275
2024-06-10,11.528292236152422,7.526739316507302,9.989473684210527,4.0,-14.0,0.10941318,0.057192467,0.004985676,0.062178142
2024-06-11,8.418151427812631,6.579964188271113,9.56842105263158,4.333,-44.0,0.11136251,0.059040245,0.0051229894,0.06416324
2024-06-12,6.3366084856580045,4.375758574542179,9.852631578947369,1.333,-12.0,0.10879527,0.057773758,0.0050731897,0.062846944
2024-06-13,9.288952869655935,6.3718928582608445,9.242105263157894,1.0,-9.0,0.10255928,0.053109135,0.004742424,0.05785156
2024-06-14,6.456937494166656,4.475677806280471,10.336842105263157,2.333,-14.0,0.10842751,0.05701345,0.005366289,0.062379736
2024-06-15,6.3267127288068155,4.921152793087161,9.936842105263159,4.667,-31.0,0.11627832,0.064475074,0.0059163044,0.07039139
2024-06-16,9.426960007473387,6.365518520291763,9.0,4.0,-39.0,0.12598297,0.06868568,0.0059457705,0.074631445
2024-06-17,9.79107541951167,6.122950617464543,9.863157894736842,3.333,-20.0,0.111353904,0.057881344,0.004999974,0.06288131
2024-06-18,8.875360186261798,5.888710190421897,10.0,3.333,-18.0,0.1024755,0.053091466,0.004696285,0.05778775
2024-06-19,8.271852529285596,5.73222726945765,9.810526315789474,3.333,-15.0,0.10267779,0.05415172,0.004902607,0.05905433
2024-06-20,8.490821833116993,5.393095048022733,9.936842105263159,2.333,-15.0,0.10680365,0.05737032,0.0052766083,0.06264693
2024-06-21,8.407016918676142,5.583826116249963,8.6,1.333,-10.0,0.10697113,0.05751825,0.005335951,0.0628542
2024-06-22,8.926304138262115,5.70025368862391,8.0,1.333,1.0,0.10889327,0.058888793,0.00589407,0.06478286
2024-06-23,7.443091173106784,4.644327527345912,8.0,3.333,-12.0,0.113146104,0.06166439,0.0061779534,0.06784234
2024-06-24,11.723988075932347,7.243423781702805,8.0,1.667,-10.0,0.12216659,0.0677732,0.006771489,0.07454469
2024-06-25,11.425182930830504,7.122922572848165,8.589473684210526,2.667,-16.0,0.12042217,0.06447069,0.006512376,0.07098307
2024-06-26,5.52163061495769,4.115752939597013,9.810526315789474,2.667,-19.0,0.11919065,0.06587801,0.0069675124,0.072845526
2024-06-27,10.615733802504788,7.3545874723696105,9.389473684210527,3.333,-22.0,0.11690981,0.06721714,0.006930681,0.07414782
2024-06-28,7.599837502763588,5.358458558410591,9.6,7.667,,0.11941522,0.071799874,0.0076466743,0.07944655
2024-06-29,7.579797907565322,4.950572981790977,8.91578947368421,4.0,-64.0,0.1362528,0.083896406,0.008730301,0.092626706
2024-06-30,5.924613978648429,4.030389805825133,9.0,3.667,-35.0,0.13331917,0.08183517,0.0086936075,0.09052878
2024-07-01,7.0258023618766945,4.955616421570531,9.6,1.667,-30.0,0.11912864,0.07429959,0.0078848135,0.082184404
2024-07-02,4.770691741720764,3.7189643004438664,9.0,1.333,-20.0,0.10878631,0.06782535,0.0074404096,0.07526576
2024-07-03,4.92172364755418,3.71725424744053,8.294736842105262,1.333,-19.0,0.11688344,0.072381526,0.008040325,0.08042185
2024-07-04,9.835030017487025,6.769857687994676,8.989473684210527,3.0,-11.0,0.13343613,0.08218297,0.008917425,0.091100395
2024-07-05,7.926577906616458,5.002834789098075,9.978947368421053,3.0,-9.0,0.13363445,0.08311544,0.008772804,0.09188825
2024-07-06,5.7516695623497895,4.335707574578025,9.621052631578948,1.0,-9.0,0.13074897,0.077841416,0.008069936,0.08591135
2024-07-07,11.504820188884711,7.671832013432798,9.378947368421052,2.667,-8.0,0.13306144,0.077401586,0.008081557,0.08548314
2024-07-08,9.60744669086785,6.65854727256309,10.0,3.333,-14.0,0.11976432,0.06921975,0.0069691325,0.076188885
2024-07-09,9.659460160206738,6.31385408724115,9.936842105263159,2.333,0.0,0.113873154,0.064451404,0.00636189,0.0708133
2024-07-10,11.642406472600205,7.605907274827122,10.736842105263158,1.667,-7.0,0.11870556,0.06712796,0.006885576,0.07401353
2024-07-11,12.809329241720198,8.436059321497181,10.4,2.0,-7.0,0.12850611,0.07480503,0.007305,0.08211003
2024-07-12,13.053487959093387,8.575884172469827,10.989473684210527,2.0,-7.0,0.13296677,0.07870686,0.0075127506,0.086219616
2024-07-13,11.972133782781716,7.210990744596345,10.505263157894737,1.333,-4.0,0.12334189,0.07195378,0.0070018834,0.078955665
2024-07-14,13.169571919709384,8.801686300703707,10.0,1.333,-4.0,0.10824822,0.061859474,0.005860541,0.06772002
2024-07-15,13.372925288048108,8.288109607351725,11.0,3.0,2.0,0.10017804,0.05692193,0.0054992186,0.06242115
2024-07-16,9.664299337769462,7.509350384390346,10.989473684210527,3.333,-13.0,0.093098864,0.05218407,0.005236241,0.057420313
2024-07-17,10.496651016611152,7.124491431254569,11.0,2.333,-3.0,0.09082803,0.050886486,0.005578371,0.05646486
2024-07-18,41.215117413057854,25.207226943626736,10.6,1.333,0.0,0.09806412,0.05879093,0.007067164,0.065858096
2024-07-19,12.068078663886137,7.762467997177176,10.610526315789473,1.333,1.0,0.104380086,0.06621278,0.008285176,0.07449796
2024-07-20,9.370747506403424,6.475057826112341,9.789473684210526,2.667,-4.0,0.11888732,0.077120855,0.009496914,0.08661777
2024-07-21,13.904910952713744,9.515352004911882,10.0,1.667,-1.0,0.12484361,0.0821659,0.010660736,0.092826635
2024-07-22,13.075409459733399,8.078649117142536,9.978947368421053,3.0,-22.0,0.12808768,0.0882206,0.0119727515,0.100193344
2024-07-23,13.791283680696306,8.356389989103416,9.978947368421053,2.667,-17.0,0.13038814,0.09046227,0.012667437,0.10312971
2024-07-24,36.88032041312962,15.228426708736563,9.336842105263157,1.667,7.0,0.13184449,0.08944249,0.013024541,0.10246704
2024-07-25,13.613742234247045,8.564144613212006,9.16842105263158,3.333,2.0,0.14173111,0.09512995,0.0139644565,0.1090944
2024-07-26,9.519737321860172,6.815292335769279,9.715789473684211,5.0,-50.0,0.1580827,0.10902262,0.016103834,0.12512645
2024-07-27,8.534147857831128,5.932085051184323,9.0,4.0,-31.0,0.1832034,0.1289875,0.019105557,0.14809307
2024-07-28,10.610545635773745,7.18651030498898,8.978947368421053,2.667,-24.0,0.21116172,0.15134102,0.021888133,0.17322916
2024-07-29,6.1470190621264935,4.172746816389561,8.863157894736842,2.0,-20.0,0.21072215,0.15079701,0.020998856,0.17179586
2024-07-30,8.82250106103187,6.027942028920907,8.968421052631578,5.333,-31.0,0.19024993,0.13036022,0.019727442,0.15008765
2024-07-31,7.878133057316721,6.273610935253238,9.263157894736842,4.667,-25.0,0.19107595,0.1308542,0.021251522,0.15210572
2024-08-01,8.705155937206536,5.784205134062996,9.368421052631579,5.333,-18.0,0.19270135,0.13339853,0.02240083,0.15579937
2024-08-02,15.128452807988449,9.032065328696874,10.0,2.667,0.0,0.18817165,0.1270411,0.023299547,0.15034065
2024-08-03,12.7225942767235,7.8379236656619256,9.926315789473684,2.667,-2.0,0.19690801,0.13462773,0.024432644,0.15906037
2024-08-04,8.387972915948637,5.942225676645907,9.957894736842105,7.0,,0.22818786,0.16182739,0.025153914,0.18698129
2024-08-05,12.772271506422129,8.12235886718728,11.0,3.0,-54.0,0.23633878,0.16676988,0.026042653,0.19281253
2024-08-06,9.189076102880229,7.215943679728858,11.0,1.667,-19.0,0.2546838,0.18321064,0.028280823,0.21149147
2024-08-07,12.229613046926586,7.976708395573193,11.0,2.333,-6.0,0.24511223,0.1756748,0.027038481,0.20271328
2024-08-08,11.860115879404857,8.04406253851763,10.663157894736843,2.667,-3.0,0.24670184,0.1805619,0.02621784,0.20677973
2024-08-09,12.606526318316055,8.462576717475894,10.0,2.0,8.0,0.24151807,0.17706703,0.02440654,0.20147356
2024-08-10,11.684193586375514,8.07961306740454,8.989473684210527,2.333,1.0,0.21304032,0.15243396,0.021192355,0.17362632
2024-08-11,36.09226105296639,20.330728723103825,8.273684210526316,5.0,19.0,0.21181473,0.15259178,0.021297226,0.17388901
2024-08-12,9.809799678696795,8.076362700463706,8.83157894736842,8.0,,0.23905405,0.17121802,0.024741724,0.19595975
2024-08-13,19.018080924529745,10.612965869908024,9.957894736842105,4.333,-103.0,0.25501525,0.1794335,0.028159365,0.20759286
2024-08-14,20.3025113968075,10.263033849297232,9.631578947368421,3.667,-60.0,0.28431237,0.20925169,0.034866963,0.24411866
2024-08-15,9.736311750021846,7.303621953662349,10.578947368421053,2.0,-11.0,0.30131355,0.22407763,0.039418697,0.26349634
2024-08-16,11.570680929204864,7.753213178543201,10.989473684210527,2.667,-31.0,0.32950142,0.24380624,0.043547913,0.28735417
2024-08-17,15.159991630116814,9.95408526619729,10.978947368421053,6.333,-20.0,0.3578596,0.26903918,0.045752637,0.31479183
2024-08-18,8.668535799357036,6.501271725725097,9.852631578947369,3.667,-15.0,0.34941274,0.26409078,0.043013595,0.30710438
2024-08-19,11.66146876462247,6.798601685945961,9.621052631578948,3.0,-26.0,0.33198956,0.25232285,0.04072448,0.29304734
2024-08-20,5.844166464882394,4.45561406023508,10.010526315789473,3.333,-21.0,0.32950124,0.24991228,0.038999077,0.28891134
2024-08-21,10.266948713199012,6.753649684852549,10.2,3.333,-12.0,0.32620472,0.24670242,0.039070416,0.28577286
2024-08-22,9.334511723610618,6.904986440846772,10.83157894736842,3.0,-8.0,0.31229347,0.23500083,0.040411312,0.27541214
2024-08-23,10.363631034562278,6.901598109817097,10.0,2.333,-3.0,0.3271029,0.24655253,0.04219868,0.2887512
2024-08-24,9.340257445101635,6.631836280617814,10.0,3.0,-19.0,0.36444935,0.27672505,0.04706818,0.32379323
2024-08-25,7.736151253667136,5.706937296337603,10.0,2.333,-12.0,0.37931535,0.2919992,0.04763337,0.33963257
2024-08-26,8.317149057206734,5.985101239026434,9.884210526315789,1.667,1.0,0.3940336,0.3043301,0.049992733,0.35432285
2024-08-27,11.041395988807226,8.192744831179915,9.968421052631578,3.333,-4.0,0.38896537,0.29633868,0.053725936,0.3500646
2024-08-28,8.3206744332858,6.710599011110496,10.442105263157895,5.667,-76.0,0.43723038,0.33658716,0.062360324,0.39894748
2024-08-29,9.154934140349647,7.234859155049541,10.410526315789474,2.0,-13.0,0.4985625,0.38702324,0.07208389,0.45910713
2024-08-30,10.516341461393866,8.42945078132293,9.74736842105263,4.667,-55.0,0.5692266,0.4462545,0.07921848,0.52547294
2024-08-31,22.734585504648905,12.952193933814057,11.263157894736842,4.667,-73.0,0.54612195,0.42716503,0.07459317,0.5017582
2024-09-01,11.653960234012489,7.904328089271414,11.989473684210527,3.667,-51.0,0.49487305,0.38426954,0.068748206,0.45301777
2024-09-02,11.442082360545813,7.138636522471154,9.76842105263158,2.667,-21.0,0.47266808,0.36443585,0.06807183,0.43250766
2024-09-03,11.925523113114197,7.878721805563711,8.989473684210527,2.0,-7.0,0.5117482,0.39651394,0.07621206,0.47272602
2024-09-04,15.604113770218998,10.84461356274276,9.578947368421053,4.333,10.0,0.61761713,0.4836287,0.09061916,0.57424784
2024-09-05,61.855895666521064,44.707254682216714,10.663157894736843,1.667,10.0,0.64231515,0.50625163,0.09194791,0.59819955
2024-09-06,19.224986040250844,12.25452097246463,9.884210526315789,3.0,1.0,0.6236787,0.48528436,0.09628151,0.58156586
2024-09-07,14.671524305617911,9.84301749306261,10.473684210526315,2.333,6.0,0.7079844,0.5483964,0.11591852,0.6643149
2024-09-08,12.562687914297568,8.779815867564357,10.0,2.333,4.0,0.8169949,0.63415146,0.13499607,0.7691475
2024-09-09,17.722955839957244,11.899347078381243,10.189473684210526,2.667,-8.0,0.864638,0.67300326,0.13795686,0.8109601
2024-09-10,15.51181368725734,9.64717169668046,11.526315789473685,2.333,0.0,0.79829484,0.61686903,0.1283106,0.74517965
2024-09-11,14.724290249871718,9.924733698658386,11.968421052631578,3.667,7.0,0.76627535,0.5925683,0.12223703,0.71480536
2024-09-12,11.761526494410937,9.761029861924742,11.642105263157895,7.0,,0.7345072,0.5753414,0.10538232,0.6807237
2024-09-13,11.696090651282711,8.318668700455977,10.83157894736842,6.0,,0.70173,0.5486692,0.09927786,0.6479471
2024-09-14,12.258488673286381,8.891947574517674,9.021052631578947,4.333,-65.0,0.6350827,0.49825376,0.084242836,0.58249664
2024-09-15,7.34385276447924,4.417964710808908,9.989473684210527,4.0,-60.0,0.5593464,0.43727377,0.070354104,0.50762784
2024-09-16,4.945618288659252,3.7244246524508067,9.273684210526316,4.0,-53.0,0.51610184,0.4009589,0.06701554,0.46797445
2024-09-17,7.72156617431798,5.972732541355052,10.821052631578947,7.333,,0.53811085,0.41501266,0.07437148,0.48938414
2024-09-18,11.603249233254726,7.380983359279055,10.6,3.667,-62.0,0.5736799,0.44320923,0.08211383,0.5253231
2024-09-19,38.32554451666917,26.771551132088653,11.978947368421053,4.333,-65.0,0.6141617,0.47351372,0.08920958,0.5627233
2024-09-20,11.262281111976957,7.250196512557971,11.536842105263158,3.333,-33.0,0.5991916,0.46499178,0.082591996,0.54758376
2024-09-21,9.38681445077491,7.1154806543318365,10.978947368421053,2.0,-13.0,0.5495485,0.4227208,0.075997844,0.49871862
2024-09-22,10.430380020180653,6.910732518200206,10.347368421052632,2.0,-3.0,0.54321676,0.414734,0.079154275,0.4938883
2024-09-23,9.009224940855452,5.688213128813663,10.894736842105264,4.333,-23.0,0.6083895,0.46713755,0.08962466,0.5567622
2024-09-24,37.56818892683795,25.25525150739578,11.136842105263158,4.333,-38.0,0.6793971,0.5260264,0.09479532,0.6208217
2024-09-25,27.255041090394805,14.224841771700868,11.968421052631578,4.667,-53.0,0.7014622,0.5430884,0.094771996,0.6378604
2024-09-26,15.263847341124807,8.332279711259886,9.852631578947369,4.0,-43.0,0.6833458,0.532003,0.083605506,0.6156085
2024-09-27,56.03470329207707,28.964633724369087,10.526315789473685,2.333,-39.0,0.53782046,0.41425565,0.06167365,0.4759293
2024-09-28,11.664342975243155,7.44847588740792,10.473684210526315,3.0,-20.0,0.4509766,0.34018537,0.054941285,0.39512664
2024-09-29,12.112700505211702,7.791032055154184,9.43157894736842,3.667,-22.0,0.42759022,0.32276303,0.054469436,0.37723246
2024-09-30,57.63814425030433,27.80721009222784,8.0,4.0,-25.0,0.41688418,0.3122651,0.05462202,0.3668871
2024-10-01,11.063397756691467,6.864656796985944,7.989473684210527,2.0,-6.0,0.3771119,0.28147045,0.049517337,0.33098778
2024-10-02,9.861339535309353,6.217675121242644,8.694736842105263,2.0,9.0,0.3642884,0.27595907,0.045832723,0.3217918
2024-10-03,10.938764134406451,7.16517162975635,10.926315789473684,3.0,-1.0,0.34987405,0.26431698,0.04518468,0.30950168
2024-10-04,28.033071232147893,12.609485501419606,10.757894736842106,3.0,-4.0,0.37702802,0.28332916,0.051481068,0.33481023
2024-10-05,12.471512486109049,7.962747207234692,9.48421052631579,2.333,2.0,0.39223626,0.29318744,0.057364456,0.35055187
2024-10-06,10.288667673770442,7.687178922060239,9.021052631578947,4.667,-33.0,0.4436461,0.33222055,0.0659016,0.39812213
2024-10-07,52.2784581963494,25.278133940154518,9.810526315789474,6.333,-96.0,0.5208997,0.39558825,0.07349852,0.46908677
2024-10-08,8.214392636773626,6.942827990592778,11.010526315789473,7.0,,0.5470069,0.42148948,0.07224892,0.4937384
2024-10-09,7.9889171869373685,5.426864094622322,11.0,4.333,-83.0,0.48542204,0.37548995,0.05693719,0.43242714
2024-10-10,45.0277316946675,26.648187931177713,10.326315789473684,8.667,,0.3926163,0.29578513,0.04131322,0.33709836
2024-10-11,8.224783807442565,5.973017449355271,11.063157894736841,8.333,,0.29348043,0.210477,0.032118656,0.24259564
2024-10-12,9.859633642517624,6.268288839884279,11.863157894736842,4.667,-77.0,0.25564858,0.1794648,0.028768785,0.20823358
2024-10-13,9.550025071947344,6.544009248987253,11.968421052631578,1.667,-39.0,0.24484974,0.17386131,0.02849048,0.2023518
2024-10-14,10.967332333804816,6.540208989941655,12.789473684210526,3.667,-20.0,0.2869439,0.20360419,0.033005554,0.23660976
2024-10-15,8.684682894746361,5.351310823832928,12.294736842105262,3.333,-34.0,0.33312124,0.23606038,0.037127748,0.27318814
2024-10-16,22.111063553691256,10.77033830720149,12.694736842105263,3.0,-26.0,0.32855147,0.23504822,0.035179067,0.2702273
2024-10-17,12.035113121818341,8.058338279249762,11.621052631578948,3.0,-28.0,0.29860163,0.21620393,0.03301911,0.24922304
2024-10-18,10.048703279472118,6.869850979430808,12.115789473684211,3.667,-25.0,0.29776105,0.21963914,0.031713974,0.2513531
2024-10-19,11.255423113545602,8.375762066772438,11.978947368421053,5.0,-47.0,0.24919951,0.1827727,0.024690473,0.20746316
2024-10-20,9.81358280827964,7.423187275856786,11.978947368421053,3.0,-24.0,0.18876925,0.13466416,0.019126706,0.15379086
2024-10-21,11.598924821450916,7.120406504259773,11.894736842105264,2.0,-3.0,0.18513831,0.12929437,0.01863239,0.14792675
2024-10-22,17.123233666556395,9.515269635099918,11.0,3.0,-29.0,0.18657893,0.1291897,0.018095799,0.1472855
2024-10-23,10.29514921679332,6.118479624632737,12.063157894736841,3.0,-4.0,0.1730033,0.118373565,0.017112134,0.13548571
2024-10-24,11.089586905769174,7.402049599413321,12.389473684210527,4.333,-24.0,0.17761534,0.120602235,0.017908737,0.13851097
2024-10-25,12.881555317849221,8.625743542699981,12.08421052631579,1.0,3.0,0.19009623,0.12745689,0.019172253,0.14662914
2024-10-26,11.528412966415736,8.023085640155967,11.357894736842105,4.0,-6.0,0.19950888,0.13449839,0.020212818,0.15471122
2024-10-27,10.566631836867773,7.710762748470739,10.178947368421053,2.667,-20.0,0.19704223,0.13244498,0.018438205,0.1508832
2024-10-28,11.261058966489642,8.449838123125003,11.0,4.667,-6.0,0.17577599,0.11646765,0.017222773,0.13369042
2024-10-29,8.604505511726844,5.957334749845006,11.557894736842105,4.0,-15.0,0.18019612,0.11972263,0.018305104,0.13802773
2024-10-30,10.48958225145052,7.324968223104016,11.8,4.0,-29.0,0.18193094,0.12237246,0.018193902,0.14056636
2024-10-31,7.255491469947157,5.537969213881582,11.0,3.667,-15.0,0.186575,0.12544943,0.017838757,0.1432882
2024-11-01,11.167854856924851,7.905281509720656,10.989473684210527,2.667,-30.0,0.1923724,0.12957504,0.018092,0.14766704
2024-11-02,6.616483624315638,4.919157732849258,11.0,4.0,-43.0,0.19898185,0.13381796,0.018546835,0.15236479
2024-11-03,7.877675945286893,6.287350994570536,11.0,4.0,-38.0,0.19188398,0.12746012,0.017443577,0.1449037
2024-11-04,8.825596584832123,5.901481936487854,11.294736842105262,4.333,-35.0,0.17451453,0.1142915,0.015224828,0.12951633
2024-11-05,10.30877766120067,6.904604585594967,12.357894736842105,2.667,-22.0,0.16719851,0.10563362,0.013821362,0.11945498
2024-11-06,9.406288261295733,6.821805794321986,11.989473684210527,3.333,-27.0,0.17710046,0.11266044,0.014029822,0.12669025
2024-11-07,25.267206874207996,13.463489210616638,10.16842105263158,3.0,-17.0,0.1865085,0.11971349,0.0141994655,0.13391297
2024-11-08,8.142948319459393,6.024140979116475,10.947368421052632,3.667,-38.0,0.18875195,0.11886079,0.014231535,0.13309233
2024-11-09,5.125054215748968,3.76728594428414,9.926315789473684,5.0,,0.19050227,0.11941906,0.015089404,0.13450846
2024-11-10,5.000593630233215,4.258489818365458,9.0,5.667,-60.0,0.18212214,0.11751866,0.015075993,0.13259466
2024-11-11,6.298624973066674,5.069518563982776,8.147368421052631,3.0,-48.0,0.16936463,0.1092137,0.013780968,0.12299467
2024-11-12,8.276338166537254,6.510204324984959,8.0,1.667,-25.0,0.15965953,0.1023687,0.012684025,0.115052715
2024-11-13,5.288690461560926,4.68914821215232,9.357894736842105,2.667,-17.0,0.1594937,0.10185425,0.012169983,0.11402424
2024-11-14,4.496166535902228,3.785547103098826,9.936842105263159,3.667,-47.0,0.14922416,0.09760383,0.011139933,0.10874376
2024-11-15,4.766880020926151,3.4098575986650124,7.589473684210526,3.333,-43.0,0.13994864,0.090204224,0.010470563,0.100674786
2024-11-16,2.7364352962253933,2.1395631092358927,7.484210526315789,3.333,-43.0,0.14189938,0.08981656,0.0103033995,0.10011996
2024-11-17,8.202463802472355,6.079330162604364,6.989473684210527,2.667,-13.0,0.14488465,0.090421215,0.010652546,0.10107376
2024-11-18,7.060945156314204,5.411771979124512,7.536842105263158,2.0,-6.0,0.15059063,0.09458111,0.010856089,0.105437204
2024-11-19,6.536565320388839,4.363495339066997,8.08421052631579,2.667,-33.0,0.15553737,0.097830385,0.011339925,0.10917031
2024-11-20,9.05891896095301,6.887938217149098,7.947368421052632,2.667,-24.0,0.16879562,0.10729958,0.012259335,0.119558915
2024-11-21,8.005744035356308,6.067538477941922,9.126315789473685,3.0,-7.0,0.1834172,0.1170136,0.012987932,0.13000154
2024-11-22,7.8521948371157695,4.964767418269363,11.0,3.333,-28.0,0.17960358,0.11187521,0.012423685,0.1242989
2024-11-23,7.781241000016098,5.422348484760744,9.968421052631578,2.667,-19.0,0.16543739,0.10168727,0.011654887,0.11334215
2024-11-24,8.40665519272022,5.387872856368756,9.989473684210527,4.0,-7.0,0.1633727,0.10293642,0.01234313,0.11527955
2024-11-25,11.244254196682524,7.7436830277329305,10.0,3.333,-15.0,0.17430678,0.11232831,0.0127133895,0.1250417
2024-11-26,7.477438551672922,5.209423871054866,9.989473684210527,3.0,-6.0,0.17510127,0.11479209,0.012105431,0.12689753
2024-11-27,9.20192770691719,6.387018533638746,9.989473684210527,2.333,5.0,0.18274792,0.12068653,0.012523205,0.13320974
2024-11-28,11.004741757881359,6.846319736916633,10.863157894736842,1.667,2.0,0.1845786,0.12112685,0.013051672,0.13417852
2024-11-29,8.40520576866692,5.691668219685893,10.08421052631579,2.667,5.0,0.18520337,0.12231557,0.013929985,0.13624556
2024-11-30,7.41275532024775,5.373273687431441,10.210526315789474,4.333,-9.0,0.19414622,0.12975253,0.015056774,0.1448093
2024-12-01,7.861075219574773,5.12438189583019,11.0,2.667,-9.0,0.19091314,0.12778136,0.015221289,0.14300266
2024-12-02,8.301300032460762,5.8922001628761524,9.631578947368421,2.333,-9.0,0.20394185,0.13312215,0.01619181,0.14931396
2024-12-03,10.228835660651429,7.3082999741155925,10.51578947368421,3.333,-30.0,0.22170511,0.13961726,0.01578863,0.15540591
2024-12-04,7.211876915328946,5.308797155979268,10.421052631578947,2.0,-21.0,0.19093439,0.11347553,0.012371269,0.1258468
2024-12-05,7.904602297008061,5.087730254184538,10.863157894736842,2.333,-16.0,0.16514817,0.094693795,0.010307229,0.10500102
2024-12-06,7.405150986400478,5.733823288991592,10.557894736842105,2.333,-15.0,0.13196774,0.07472943,0.007939529,0.08266896
2024-12-07,8.912471640404982,5.744646919915058,8.6,1.667,-8.0,0.11957656,0.06828086,0.0068230713,0.07510394
2024-12-08,10.72340351917981,6.729082474782104,8.094736842105263,2.333,-22.0,0.11975888,0.068196274,0.0066305418,0.074826814
2024-12-09,7.2965122279196075,5.600699703628316,8.094736842105263,4.333,-43.0,0.11939014,0.06715059,0.0064001135,0.0735507
2024-12-10,7.572501994447478,4.628449566480305,7.505263157894737,2.333,-32.0,0.12692052,0.071740426,0.0067890966,0.07852952
2024-12-11,10.175197576093058,6.277932848415695,7.7894736842105265,2.0,-30.0,0.123835266,0.06947681,0.006570675,0.07604749
2024-12-12,7.463085145001468,4.774120736360334,10.336842105263157,2.333,-17.0,0.123034544,0.069448955,0.0067618033,0.07621076
2024-12-13,8.298163413286145,5.173990028452648,9.715789473684211,1.667,-13.0,0.1350247,0.07821663,0.0077623716,0.085979
2024-12-14,4.927931622995429,2.944731027187515,9.368421052631579,3.333,-35.0,0.15098463,0.087789096,0.008290958,0.09608005
2024-12-15,4.506289491004601,3.1330672520121956,10.0,3.0,-20.0,0.15331516,0.088502966,0.008170248,0.09667321
2024-12-16,6.806770309230512,4.5026796359426875,9.68421052631579,3.667,-22.0,0.14425087,0.08314912,0.0074131205,0.09056225
2024-12-17,10.004136148398311,7.055154730471228,10.526315789473685,5.333,-28.0,0.14365451,0.08276965,0.0071442793,0.08991392
2024-12-18,7.50168705554657,4.264348372916421,10.852631578947369,3.667,-25.0,0.14699289,0.08631924,0.007271634,0.09359087
2024-12-19,9.075517277099172,6.445427480422591,10.147368421052631,3.667,-29.0,0.14632738,0.08758199,0.007527178,0.09510917
2024-12-20,6.145961574024345,3.880397922549082,10.757894736842106,3.667,-24.0,0.15010078,0.09084117,0.007882406,0.098723575
2024-12-21,9.344405294787904,5.8699289266921815,10.0,3.333,-25.0,0.15773454,0.09427225,0.008112061,0.10238431
2024-12-22,10.3142547666167,6.254571698259177,9.989473684210527,3.333,-42.0,0.16120607,0.09320323,0.0077669267,0.100970164
2024-12-23,9.73709467885546,5.5560585793194175,10.505263157894737,3.667,-39.0,0.15372257,0.08643786,0.007292804,0.09373066
2024-12-24,8.664143906489869,5.118516555804661,11.421052631578947,3.333,-27.0,0.1536377,0.083421186,0.0071074236,0.09052861
2024-12-25,7.1024125894352945,4.905149516865207,10.189473684210526,2.0,-17.0,0.13661928,0.07131594,0.0059904875,0.07730642
2024-12-26,9.152802286303455,5.9741101785319355,9.989473684210527,0.333,-9.0,0.11746639,0.06092413,0.0049000736,0.0658242
2024-12-27,6.639162816902559,4.753993138355219,9.463157894736842,1.333,-1.0,0.1024231,0.053677417,0.004359126,0.058036543
2024-12-28,12.513905646534651,8.407516534324442,10.0,1.333,0.0,0.10527715,0.057972454,0.00456591,0.06253836
2024-12-29,13.628371253578932,9.258823923177829,9.347368421052632,1.667,-2.0,0.1127841,0.06371093,0.0048606424,0.06857157
2024-12-30,7.256111352584815,5.180800298310033,10.31578947368421,2.333,-12.0,0.11875139,0.06726907,0.004987918,0.07225699
2024-12-31,11.989801903616558,8.809722664021386,10.926315789473684,4.0,-23.0,0.121684976,0.07070829,0.005062379,0.07577067
