quando,n_pixels,Tb_min,Tb_p01,frac_lt40,frac_lt50,frac_lt60,n_frio,BTD_WVIR_med_frio,frac_overshoot,BTD_split_med_frio,BTD_37_10_med_frio,sza,is_dia,onda
2024-04-27 00:00:00,145133,-79.98114013671875,-73.65145874023438,0.25484900057188925,0.2328140395361496,0.1914313078348825,31711,-0.07476806640625,0.9138469300873514,0.6919097900390625,,128.62961765075943,0,O0_precond_27-30abr
2024-04-27 02:00:00,145133,-80.59567260742188,-70.88604736328125,0.2353772057354289,0.20796097372754646,0.1329470210083165,26566,-0.769927978515625,0.8335842806594895,0.747589111328125,,153.23801297560328,0,O0_precond_27-30abr
2024-04-27 04:00:00,145133,-79.98114013671875,-70.14862060546875,0.21297706241860914,0.1807790095980928,0.09237044641811304,21311,-1.384429931640625,0.683684482192295,0.7327880859375,,162.5795413227571,0,O0_precond_27-30abr
2024-04-27 06:00:00,145133,-82.31637573242188,-68.0592041015625,0.21040700598761136,0.17779553926398545,0.08322710892767324,20702,-1.4765625,0.6929282194957009,0.643951416015625,,142.35814835232304,0,O0_precond_27-30abr
2024-04-27 08:00:00,145133,-79.36660766601562,-71.86930847167969,0.22114198700502297,0.19741202896653415,0.12419642672583078,25722,-1.0195770263671875,0.7911515434258611,0.610595703125,,116.69442150874974,0,O0_precond_27-30abr
2024-04-27 10:00:00,145133,-81.51748657226562,-71.74639892578125,0.26149118394851617,0.22372582389945775,0.1324991559466145,27379,-0.88128662109375,0.8058000657438182,0.5835113525390625,,91.04265262074237,0,O0_precond_27-30abr
2024-04-27 12:00:00,145133,-77.46156311035156,-70.88604736328125,0.28982381677495817,0.21908180772119365,0.12336959891961166,25148,-0.7123260498046875,0.8375616351200891,0.562225341796875,,67.3102162621876,1,O0_precond_27-30abr
2024-04-27 14:00:00,145133,-76.47830200195312,-69.3497314453125,0.31308523905658947,0.2569643017094665,0.11978667842599547,27651,-1.00030517578125,0.7994285920943185,0.669769287109375,,49.13180233057819,1,O0_precond_27-30abr
2024-04-27 16:00:00,145133,-78.3218994140625,-68.85809326171875,0.2685261105330972,0.21653931221706987,0.10875541744468867,24872,-0.998382568359375,0.8276375040205854,0.708160400390625,,44.30558105929165,1,O0_precond_27-30abr
2024-04-27 18:00:00,145133,-78.3218994140625,-72.48384094238281,0.2521135785796476,0.2204667442966107,0.1312589142372858,26584,-0.8774261474609375,0.8128949744207041,0.69915771484375,,56.40723031995351,1,O0_precond_27-30abr
2024-04-27 20:00:00,145133,-79.67388916015625,-72.85256958007812,0.27283250535715514,0.24360414240730915,0.16471098923056782,30503,-0.620208740234375,0.831459200734354,0.650909423828125,,77.8365944317966,1,O0_precond_27-30abr
2024-04-27 22:00:00,145133,-81.70184326171875,-73.77435302734375,0.26897397559479924,0.23654854512757265,0.17007158950755513,30245,-0.485687255859375,0.8088940320714167,0.656707763671875,,102.72838030901609,0,O0_precond_27-30abr
2024-04-28 00:00:00,145133,-80.10404968261719,-72.1151123046875,0.2185719305740252,0.18536101369089042,0.12775178629257303,23301,-0.6315765380859375,0.7940860907257199,0.7040863037109375,,128.77755870052928,0,O0_precond_27-30abr
2024-04-28 02:00:00,145133,-80.10404968261719,-71.377685546875,0.1776508443978971,0.14162871297361732,0.09782750993915926,17843,-0.8198394775390625,0.8120271254833829,0.7235107421875,,153.44714465729282,0,O0_precond_27-30abr
2024-04-28 04:00:00,145133,-70.76315307617188,-64.80218505859375,0.1356824430005581,0.1090999290306133,0.05708556978771196,12951,-1.3229217529296875,0.7841093351864721,0.754241943359375,,162.8788215424703,0,O0_precond_27-30abr
2024-04-28 06:00:00,145133,-72.72964477539062,-55.33837890625,0.0745867583526834,0.039219198941660406,0.002962799638951858,1630,-2.3906402587890625,0.27975460122699386,0.8532180786132812,,142.52539622319208,0,O0_precond_27-30abr
2024-04-28 08:00:00,145133,-64.37200927734375,-54.68450927734375,0.03963261284476997,0.021580205742319114,0.0009232910502780208,1319,-2.7132568359375,0.05079605761940864,0.9303131103515625,,116.8395410468706,0,O0_precond_27-30abr
2024-04-28 10:00:00,145133,-69.53408813476562,-59.88591003417969,0.06211543894221162,0.04191327954359105,0.00977723880854113,3596,-2.10833740234375,0.44410456062291437,0.758880615234375,,91.20703254362094,0,O0_precond_27-30abr
2024-04-28 12:00:00,145133,-69.77989196777344,-61.36079406738281,0.09576044042361144,0.05862209146093583,0.01701198211295846,5547,-1.83758544921875,0.5904092302145304,0.74005126953125,,67.52352170914838,1,O0_precond_27-30abr
2024-04-28 14:00:00,145133,-72.238037109375,-59.517181396484375,0.09767592484135242,0.052799845658809505,0.008957301234040501,4047,-1.8836669921875,0.5806770447244872,0.6970062255859375,,49.42026264796269,1,O0_precond_27-30abr
2024-04-28 16:00:00,145133,-72.60675048828125,-59.45573425292969,0.10273335492272605,0.06469927583664639,0.008743704050767227,4473,-1.9105224609375,0.5790297339593115,0.74468994140625,,44.62470618937614,1,O0_precond_27-30abr
2024-04-28 18:00:00,145133,-75.37214660644531,-64.18765258789062,0.13581335740320946,0.09265294591857125,0.026169100066835246,7629,-1.5495758056640625,0.7417748066588019,0.696136474609375,,56.65953013740311,1,O0_precond_27-30abr
2024-04-28 20:00:00,145133,-71.74639892578125,-63.4501953125,0.1729379259024481,0.1253264247276636,0.031536590575541056,10595,-1.4535064697265625,0.7873525247758376,0.60931396484375,,78.02354908957759,1,O0_precond_27-30abr
2024-04-28 22:00:00,145133,-71.25477600097656,-62.7127685546875,0.14960760130363185,0.0823175983408322,0.018438260078686448,6291,-1.44970703125,0.759656652360515,0.62005615234375,,102.88019261571421,0,O0_precond_27-30abr
2024-04-29 00:00:00,145133,-64.86363220214844,-57.120513916015625,0.10114171139575424,0.04839698759069268,0.002315117857413545,2876,-1.852874755859375,0.6585535465924895,0.7002105712890625,,128.92243755590948,0,O0_precond_27-30abr
2024-04-29 02:00:00,145133,-74.57325744628906,-56.5059814453125,0.06273555979687596,0.03082689670853631,0.005463953752764705,2050,-1.8644943237304688,0.6102439024390244,0.762359619140625,,153.65146059091674,0,O0_precond_27-30abr
2024-04-29 04:00:00,145133,-72.85256958007812,-62.34405517578125,0.08352338889156842,0.05524587791887441,0.017301371845135152,4995,-1.6302032470703125,0.7347347347347347,0.694976806640625,,163.173374384755,0,O0_precond_27-30abr
2024-04-29 06:00:00,145133,-70.76315307617188,-59.640106201171875,0.0802436385935659,0.047108514259334544,0.0090537644780994,4095,-1.7492523193359375,0.6820512820512821,0.691497802734375,,142.68875354180548,0,O0_precond_27-30abr
2024-04-29 08:00:00,145133,-71.99221801757812,-60.93061828613281,0.09596025714344773,0.05211771271867873,0.012857172386707366,4107,-1.4765625,0.7959581202824446,0.618896484375,,116.9820502187914,0,O0_precond_27-30abr
2024-04-29 10:00:00,145133,-72.1151123046875,-61.176422119140625,0.15969490053950514,0.09695934074262917,0.015344546037083228,7145,-1.5532989501953125,0.778446466060182,0.6417999267578125,,91.36924792952954,0,O0_precond_27-30abr
2024-04-29 12:00:00,145133,-75.92523193359375,-62.34405517578125,0.2719367752337511,0.1727449994143303,0.028752936961270008,15620,-1.173095703125,0.9232394366197183,0.51397705078125,,67.7344720885287,1,O0_precond_27-30abr
2024-04-29 14:00:00,145133,-78.19900512695312,-64.55636596679688,0.3487766393583816,0.2578118002108411,0.05703733816568251,23974,-0.9656982421875,0.9285893050805039,0.49774169921875,,49.70528483034581,1,O0_precond_27-30abr
2024-04-29 16:00:00,145133,-74.6961669921875,-65.23236083984375,0.45663632667966625,0.32149821198486905,0.06291470582155678,24212,-1.065521240234375,0.9411861886667768,0.5665054321289062,,44.93973030028735,1,O0_precond_27-30abr
2024-04-29 18:00:00,145133,-81.39456176757812,-70.02571105957031,0.45557523099501834,0.3424031750187759,0.07783205749209346,30383,-1.13470458984375,0.9361155909554685,0.5843963623046875,,56.909009521355195,1,O0_precond_27-30abr
2024-04-29 20:00:00,145133,-87.23263549804688,-72.72964477539062,0.4144612183307725,0.292800396877347,0.11878070459509553,30241,-0.92352294921875,0.9126682318706392,0.5822296142578125,,78.20832625852366,1,O0_precond_27-30abr
2024-04-29 22:00:00,145133,-80.71859741210938,-71.50057983398438,0.38162926419215476,0.2902441209097862,0.12034478719519337,28460,-0.838958740234375,0.8985242445537597,0.6259765625,,103.0297124814623,0,O0_precond_27-30abr
2024-04-30 00:00:00,145133,-81.02584838867188,-69.77989196777344,0.350320051263324,0.2571158868072733,0.12223960091777887,28685,-1.0540618896484375,0.8906745685898553,0.63250732421875,,129.0642461854713,0,O0_precond_27-30abr
2024-04-30 02:00:00,145133,-87.4169921875,-75.61795043945312,0.3449249998277442,0.3013580646717149,0.17525993399158013,36623,-0.800567626953125,0.8767714277912787,0.6607666015625,,153.8509352524984,0,O0_precond_27-30abr
2024-04-30 04:00:00,145133,-87.23263549804688,-78.62918090820312,0.3682966658168714,0.32603887468735576,0.22214796083592292,42280,-0.289825439453125,0.8790208136234626,0.573944091796875,,163.46310284318878,0,O0_precond_27-30abr
2024-04-30 06:00:00,145133,-83.6683349609375,-75.37214660644531,0.37167287935893284,0.3425754308117382,0.2655908718210193,46017,-0.009429931640625,0.936132298933003,0.5410614013671875,,142.84821750201846,0,O0_precond_27-30abr
2024-04-30 08:00:00,145133,-80.41131591796875,-73.65145874023438,0.33223319300228066,0.30091019961001286,0.1896329573563559,38200,-0.7353515625,0.8977486910994764,0.629913330078125,,117.12192938138416,0,O0_precond_27-30abr
2024-04-30 10:00:00,145133,-80.9029541015625,-74.14308166503906,0.31434615146107364,0.2632757539636058,0.1176782675201367,27456,-0.95806884765625,0.8093677156177156,0.6190338134765625,,91.52924815877714,0,O0_precond_27-30abr
2024-04-30 12:00:00,145133,-80.59567260742188,-71.86930847167969,0.29761666884857335,0.22203771712842704,0.1121109602915946,24025,-0.7429656982421875,0.8544432882414152,0.5593414306640625,,67.94298288291635,1,O0_precond_27-30abr
2024-04-30 14:00:00,145133,-82.19346618652344,-74.57325744628906,0.28256840277538536,0.20784383978833207,0.09460288149490467,20628,-0.677703857421875,0.9096858638743456,0.569488525390625,,49.986766514735926,1,O0_precond_27-30abr
2024-04-30 16:00:00,145133,-79.67388916015625,-72.1151123046875,0.26022338131231354,0.20924944705890458,0.1068330427952292,23536,-0.7584075927734375,0.8815006798096533,0.5778961181640625,,45.250557198559946,1,O0_precond_27-30abr
2024-04-30 18:00:00,145133,-76.60121154785156,-68.30502319335938,0.2569505212460295,0.19342258480152688,0.08715454100721408,18081,-0.75836181640625,0.8536032299098502,0.5778961181640625,,57.155569600830994,1,O0_precond_27-30abr
2024-04-30 20:00:00,145133,-79.48951721191406,-67.13740539550781,0.3115762783102396,0.21647730013160343,0.06932262131975499,18932,-1.35565185546875,0.765053877033594,0.6417999267578125,,78.39085693608966,1,O0_precond_27-30abr
2024-04-30 22:00:00,145133,-85.57339477539062,-70.14862060546875,0.34393969669199975,0.249881143502856,0.1410843846678564,28392,-0.431884765625,0.8622499295576219,0.572662353515625,,103.17690415788286,0,O0_precond_27-30abr
2024-05-01 00:00:00,145133,-78.0146484375,-70.02571105957031,0.34147299373677936,0.2722123845024908,0.1423728579992145,31929,-0.838958740234375,0.8439663002286323,0.67669677734375,,129.20297865775126,0,O1_toros_01-04mai
2024-05-01 02:00:00,145133,-83.29962158203125,-68.61227416992188,0.33170953539167525,0.25781869044255956,0.08897356218089614,24025,-1.372894287109375,0.7510926118626431,0.7142333984375,,154.04554823337574,0,O1_toros_01-04mai
2024-05-01 04:00:00,145133,-79.05935668945312,-69.656982421875,0.29273149456016206,0.21252919735690712,0.08829142924076537,19970,-1.203887939453125,0.7877816725087632,0.7119293212890625,,163.74791234274514,0,O1_toros_01-04mai
2024-05-01 06:00:00,145133,-76.90847778320312,-68.0592041015625,0.2711650692812799,0.20550805123576305,0.0818421723522562,22091,-1.415130615234375,0.7265854873025214,0.68194580078125,,143.00378871515667,0,O1_toros_01-04mai
2024-05-01 08:00:00,145133,-77.46156311035156,-67.93629455566406,0.29144302122880394,0.16883823802994494,0.06002080849978985,15806,-1.5533828735351562,0.6710742755915475,0.7142333984375,,117.25916039676439,0,O1_toros_01-04mai
2024-05-01 10:00:00,145133,-77.58447265625,-70.88604736328125,0.23717555621395547,0.17800913644725871,0.09133691166033914,20004,-1.1347808837890625,0.7911917616476705,0.6584625244140625,,91.68698357547355,0,O1_toros_01-04mai
2024-05-01 12:00:00,145133,-78.62918090820312,-69.226806640625,0.2970585600793755,0.21086176128103187,0.06963957197880564,20492,-1.353607177734375,0.7858676556705055,0.6464385986328125,,68.14897064656361,1,O1_toros_01-04mai
2024-05-01 14:00:00,145133,-80.10404968261719,-72.60675048828125,0.26645215078583095,0.1965094086114116,0.11468790695431087,23261,-0.7545318603515625,0.8357336314001977,0.66888427734375,,50.2646068493576,1,O1_toros_01-04mai
2024-05-01 16:00:00,145133,-82.99237060546875,-71.377685546875,0.29143613099708543,0.23687927625006028,0.11207650913300214,26666,-1.1117095947265625,0.8186079651991299,0.73162841796875,,45.55709202544136,1,O1_toros_01-04mai
2024-05-01 18:00:00,145133,-84.03706359863281,-72.48384094238281,0.32830576092273983,0.2603336250198094,0.1482295549599333,29206,-1.0157470703125,0.7620694377867562,0.7388916015625,,57.39911286129366,1,O1_toros_01-04mai
2024-05-01 20:00:00,145133,-79.98114013671875,-73.09837341308594,0.4009563641625268,0.3105358533207472,0.17890486657066276,36262,-1.257598876953125,0.7374386410015995,0.817108154296875,,78.57107306264223,1,O1_toros_01-04mai
2024-05-01 22:00:00,145133,-87.23263549804688,-74.2659912109375,0.39833118587778105,0.299401238863663,0.17693426029917386,34635,-1.050323486328125,0.6929406669553919,0.8333740234375,,103.32173301894149,0,O1_toros_01-04mai
2024-05-02 00:00:00,145133,-87.4169921875,-77.46156311035156,0.3709287343333356,0.31867321698028706,0.22746721972259928,39731,-0.4395904541015625,0.8144018524577785,0.73626708984375,,129.3386310920561,0,O1_toros_01-04mai
2024-05-02 02:00:00,145133,-86.86392211914062,-79.48951721191406,0.40529721014517717,0.37743311307559274,0.2863235790619639,49500,-0.1285247802734375,0.842040404040404,0.69915771484375,,154.23528426901012,0,O1_toros_01-04mai
2024-05-02 04:00:00,145133,-89.1376953125,-79.05935668945312,0.41611487394321073,0.39500320395774907,0.34195530995707385,55176,-0.1323394775390625,0.8918370305930114,0.7226409912109375,,164.0277108929309,0,O1_toros_01-04mai
2024-05-02 06:00:00,145133,-84.5286865234375,-79.48951721191406,0.45935107797675234,0.4090454962000372,0.33826903598768027,55581,-0.147674560546875,0.9093035389791475,0.6785888671875,,143.15547114931695,0,O1_toros_01-04mai
2024-05-02 08:00:00,145133,-86.31083679199219,-77.58447265625,0.4334851481055308,0.3955406420317915,0.33092404897576705,53635,-0.02484130859375,0.8897175351915727,0.64105224609375,,117.39372660441177,0,O1_toros_01-04mai
2024-05-02 10:00:00,145133,-84.34432983398438,-76.60121154785156,0.45083475157269537,0.4110161024715261,0.31755010921017274,55377,-0.52410888671875,0.8793903606190295,0.6494598388671875,,91.84240550000402,0,O1_toros_01-04mai
2024-05-02 12:00:00,145133,-81.51748657226562,-72.48384094238281,0.49489089318073765,0.45098633667050225,0.30047611501174787,60033,-0.7430419921875,0.853347325637566,0.6796112060546875,,68.35235304218476,1,O1_toros_01-04mai
2024-05-02 14:00:00,145133,-80.28842163085938,-71.00897216796875,0.5090434291305217,0.4292200946717838,0.20121543687514212,49332,-1.1385650634765625,0.8406916403146031,0.6784515380859375,,50.5387065187066,1,O1_toros_01-04mai
2024-05-02 16:00:00,145133,-76.60121154785156,-70.64024353027344,0.47593586572316426,0.376261773683449,0.17638993199341294,38701,-0.9119720458984375,0.8645254644582827,0.62469482421875,,45.85924128259263,1,O1_toros_01-04mai
2024-05-02 18:00:00,145133,-77.154296875,-70.88604736328125,0.4765766572729841,0.327203323847781,0.12180551631951382,30632,-1.08477783203125,0.8429420214155132,0.628173828125,,57.639543179092996,1,O1_toros_01-04mai
2024-05-02 20:00:00,145133,-77.70736694335938,-68.0198745727539,0.4127731115597418,0.24850998739087596,0.10628871448946828,25371,-1.211517333984375,0.8558196365929605,0.6755523681640625,,78.74890755019194,1,O1_toros_01-04mai
2024-05-02 22:00:00,145133,-77.03138732910156,-70.39443969726562,0.3332184961380251,0.1976462968449629,0.07974065167811593,17651,-1.046417236328125,0.836439861764206,0.6801910400390625,,103.46416555625356,0,O1_toros_01-04mai
2024-05-03 00:00:00,145133,-73.89727783203125,-68.42791748046875,0.32018217772663693,0.19148642968863042,0.10084543143185905,20594,-0.9311370849609375,0.8498591822861028,0.6529541015625,,129.4712016054349,0,O1_toros_01-04mai
2024-05-03 02:00:00,145133,-74.14308166503906,-67.75193786621094,0.29263503131610313,0.1710500024115811,0.058167336167515314,16164,-1.115509033203125,0.8494184607770354,0.6342620849609375,,154.42013325234035,0,O1_toros_01-04mai
2024-05-03 04:00:00,145133,-71.25477600097656,-66.52287292480469,0.27253622539326,0.1671983628809437,0.05790550736221259,15617,-1.10784912109375,0.7881795479285394,0.672943115234375,,164.30240924714147,0,O1_toros_01-04mai
2024-05-03 06:00:00,145133,-70.39443969726562,-64.37200927734375,0.2933447251831079,0.15470637277531643,0.02953153314545968,10544,-1.5533447265625,0.68247344461305,0.688873291015625,,143.30327206021028,0,O1_toros_01-04mai
2024-05-03 08:00:00,145133,-65.96978759765625,-60.746246337890625,0.2515623600421682,0.12468563317784377,0.014882900511944217,9294,-1.6109466552734375,0.7192812567247686,0.634552001953125,,117.52561279102706,0,O1_toros_01-04mai
2024-05-03 10:00:00,145133,-68.73519897460938,-60.50044250488281,0.1913279543591051,0.07671583995369764,0.011789186470340997,5222,-1.7607421875,0.6388356951359633,0.62847900390625,,91.99546624036398,0,O1_toros_01-04mai
2024-05-03 12:00:00,145133,-73.22128295898438,-63.1429443359375,0.1708708563869003,0.07926522568953993,0.020994536046247236,5769,-1.13470458984375,0.8263130525221009,0.5749969482421875,,68.55304887652481,1,O1_toros_01-04mai
2024-05-03 14:00:00,145133,-65.53961181640625,-61.4222412109375,0.15461679976297604,0.08760929630063459,0.023915994294888138,9092,-1.292205810546875,0.9252089749230092,0.60614013671875,,50.80896776797619,1,O1_toros_01-04mai
2024-05-03 16:00:00,145133,-64.18765258789062,-58.59539794921875,0.21372120744420636,0.07061798488283161,0.005491514679638676,4261,-1.603271484375,0.8326683877024172,0.587738037109375,,46.156912857461805,1,O1_toros_01-04mai
2024-05-03 18:00:00,145133,-70.27151489257812,-62.405487060546875,0.18277028656473718,0.08389546140436703,0.026368916786671536,7624,-1.13470458984375,0.907791185729276,0.573822021484375,,57.876765854733215,1,O1_toros_01-04mai
2024-05-03 20:00:00,145133,-71.13186645507812,-61.05352783203125,0.20286909248758037,0.10251975773945278,0.014676193560389435,6581,-1.676239013671875,0.6862179000151952,0.698150634765625,,78.92429431001985,1,O1_toros_01-04mai
2024-05-03 22:00:00,145133,-69.47262573242188,-60.684814453125,0.23078831141091274,0.0890149035712071,0.012533331495938209,5736,-1.68389892578125,0.6701534170153417,0.7984466552734375,,103.60416937295811,0,O1_toros_01-04mai
2024-05-04 00:00:00,145133,-66.95303344726562,-62.22113037109375,0.26465380030730434,0.10063183424858578,0.022214107060420443,7630,-1.5014724731445312,0.7647444298820446,0.744415283203125,,129.6006902559316,0,O1_toros_01-04mai
2024-05-04 02:00:00,145133,-66.09269714355469,-60.50044250488281,0.27829645910991985,0.09644257336374222,0.013043208643106667,6751,-1.530303955078125,0.7819582284106058,0.68658447265625,,154.60009023096487,0,O1_toros_01-04mai
2024-05-04 04:00:00,145133,-64.37200927734375,-58.16522216796875,0.22099040190721614,0.10097634583451041,0.0020808499789847935,5188,-1.726165771484375,0.7469159599074788,0.6442642211914062,,164.57192106789694,0,O1_toros_01-04mai
2024-05-04 06:00:00,145133,-62.22113037109375,-56.321624755859375,0.18795863104876218,0.08016784604466248,0.0013573756485430605,2519,-1.7953033447265625,0.6443032949583168,0.631072998046875,,143.4472019136522,0,O1_toros_01-04mai
2024-05-04 08:00:00,145133,-61.72950744628906,-53.67913818359375,0.16240965183659126,0.04348425237540739,0.0002067069515547808,889,-2.0487823486328125,0.4544431946006749,0.647308349609375,,117.65480515819311,0,O1_toros_01-04mai
2024-05-04 10:00:00,145133,-68.85809326171875,-56.81324768066406,0.10638517773352718,0.042505839471381424,0.005815355570407832,2234,-1.405487060546875,0.7802148612354521,0.5668792724609375,,92.14611910236587,0,O1_toros_01-04mai
2024-05-04 12:00:00,145133,-66.39996337890625,-57.857940673828125,0.11220742353565351,0.05807087292345642,0.003438225627527854,3727,-1.54180908203125,0.8674537161255702,0.5709228515625,,68.75097813471245,1,O1_toros_01-04mai
2024-05-04 14:00:00,145133,-67.81338500976562,-56.690338134765625,0.16790805674794843,0.06612555380237438,0.0023426787842875155,2734,-1.8529052734375,0.633138258961229,0.6859893798828125,,51.07529442687164,1,O1_toros_01-04mai
2024-05-04 16:00:00,145133,-63.51165771484375,-56.0758056640625,0.21474096173854326,0.06633915098564765,0.0014193877340094947,2430,-1.8605804443359375,0.676954732510288,0.6420745849609375,,46.450016048320464,1,O1_toros_01-04mai
2024-05-04 18:00:00,145133,-64.55636596679688,-55.461273193359375,0.21315620844328995,0.049864606946731616,0.0007028036352862547,1668,-1.8855743408203125,0.6666666666666666,0.63629150390625,,58.11068764499489,1,O1_toros_01-04mai
2024-05-04 20:00:00,145133,-64.24909973144531,-55.33837890625,0.14044359311803656,0.0407350499197288,0.00019981671983628808,1608,-1.998870849609375,0.5012437810945274,0.646728515625,,79.09716827920268,1,O1_toros_01-04mai
2024-05-04 22:00:00,145133,-64.37200927734375,-54.10931396484375,0.11337187269607876,0.03697298340143179,8.9573012340405e-05,897,-1.975799560546875,0.5641025641025641,0.6999053955078125,,103.7417131761895,0,O1_toros_01-04mai
2024-05-06 00:00:00,145133,-29.15924072265625,-4.5164794921875,0.0,0.0,0.0,0,,,,,129.85043153991654,0,O2_surto_06-08mai
2024-05-06 02:00:00,145133,-53.1875,-20.49432373046875,0.003500237712994288,0.0002756092687397077,0.0,0,,,,,154.94533400269742,0,O2_surto_06-08mai
2024-05-06 04:00:00,145133,-74.02017211914062,-57.42778015136719,0.06586372499707165,0.04622656459936748,0.004933405910440768,2783,-1.1231231689453125,0.9583183614804168,0.5778961181640625,,165.0950553334617,0,O2_surto_06-08mai
2024-05-06 06:00:00,145133,-75.61795043945312,-64.80218505859375,0.13787353668703878,0.09709714537699903,0.035457132423363395,9617,-0.5701141357421875,0.9949048559841946,0.44775390625,,143.72350583961577,0,O2_surto_06-08mai
2024-05-06 08:00:00,145133,-77.46156311035156,-68.98100280761719,0.22143826696891816,0.18402430873750283,0.08565247049258266,20104,-0.4087982177734375,0.9835356148030243,0.4422454833984375,,117.90506010611871,0,O2_surto_06-08mai
2024-05-06 10:00:00,145133,-74.2659912109375,-66.58432006835938,0.264984531429792,0.21719388423032668,0.09284587240668904,23759,-0.5355224609375,0.940233174796919,0.46197509765625,,92.44001945710143,0,O2_surto_06-08mai
2024-05-06 12:00:00,145133,-70.517333984375,-65.23236083984375,0.2564130831719871,0.19976848821425863,0.0705284118704912,20522,-0.7391204833984375,0.9559009843095215,0.496002197265625,,69.13822295277998,1,O2_surto_06-08mai
2024-05-06 14:00:00,145133,-74.94197082519531,-66.15414428710938,0.20833304624034507,0.15712484410850736,0.06572592036270179,16425,-0.719879150390625,0.9517199391171994,0.5260009765625,,51.59576735364352,1,O2_surto_06-08mai
2024-05-06 16:00:00,145133,-68.98100280761719,-63.1429443359375,0.17354426629367545,0.13387031205859454,0.04169968236031778,13853,-1.0540618896484375,0.9234100916768931,0.5894775390625,,47.02216167299583,1,O2_surto_06-08mai
2024-05-06 18:00:00,145133,-69.656982421875,-59.33282470703125,0.16705366801485533,0.11585235611473614,0.007544803731749499,7372,-1.6147613525390625,0.816467715680955,0.61773681640625,,58.56826306283255,1,O2_surto_06-08mai
2024-05-06 20:00:00,145133,-68.98100280761719,-55.58416748046875,0.12006917792645366,0.052772284731935536,0.002163532759606706,1707,-1.5379638671875,0.8424135910954892,0.620941162109375,,79.43512287441307,1,O2_surto_06-08mai
2024-05-06 22:00:00,145133,-73.77435302734375,-57.980865478515625,0.1680527516140368,0.09507830748348067,0.004058346482192196,5573,-1.23455810546875,0.9325318499910281,0.5261688232421875,,104.00930103605087,0,O2_surto_06-08mai
2024-05-07 00:00:00,145133,-71.25477600097656,-62.405487060546875,0.20318604314663102,0.16129343429819545,0.02136660855904584,14470,-1.046295166015625,0.9482377332411887,0.522369384765625,,129.97069343425102,0,O2_surto_06-08mai
2024-05-07 02:00:00,145133,-69.10391235351562,-62.22113037109375,0.17676889473793003,0.15510600621498902,0.02448788352752303,15200,-0.9311065673828125,0.9506578947368421,0.5205001831054688,,155.11063640050983,0,O2_surto_06-08mai
2024-05-07 04:00:00,145133,-67.6290283203125,-60.684814453125,0.1391826807135524,0.11792631586200245,0.01597155712346606,11105,-1.1615753173828125,0.9443493921656911,0.5709228515625,,165.3485212080669,0,O2_surto_06-08mai
2024-05-07 06:00:00,145133,-67.81338500976562,-60.19317626953125,0.1420214561815714,0.09228087340577264,0.010769432176004078,6089,-1.188446044921875,0.8876662834619806,0.55120849609375,,143.85591608288604,0,O2_surto_06-08mai
2024-05-07 08:00:00,145133,-69.226806640625,-59.70155334472656,0.15361771616379458,0.090048438328981,0.008943520770603515,5721,-1.3075103759765625,0.8510749868904037,0.566009521484375,,118.0261018441985,0,O2_surto_06-08mai
2024-05-07 10:00:00,145133,-75.06488037109375,-62.958587646484375,0.22727429323448148,0.178670598692234,0.04682601475887634,18462,-1.0041046142578125,0.939064023399415,0.5035400390625,,92.58317862693838,0,O2_surto_06-08mai
2024-05-07 12:00:00,145133,-75.92523193359375,-67.07595825195312,0.27274982257653324,0.2406413427683573,0.10465572957218551,25219,-0.5623779296875,0.9494825330108252,0.489349365234375,,69.32738466727173,1,O2_surto_06-08mai
2024-05-07 14:00:00,145133,-74.57325744628906,-67.81338500976562,0.2470630387299925,0.2229334472518311,0.10850047887110444,24452,-0.41650390625,0.9396368395223295,0.54425048828125,,51.849729409546626,1,O2_surto_06-08mai
2024-05-07 16:00:00,145133,-75.49505615234375,-67.26031494140625,0.19815617399213137,0.1710362219481441,0.0841090585876403,20262,-0.54705810546875,0.9370249728555917,0.5547027587890625,,47.30102997789892,1,O2_surto_06-08mai
2024-05-07 18:00:00,145133,-70.27151489257812,-65.72396850585938,0.16587543839099309,0.13914133932324144,0.08616234763975113,17942,-0.50482177734375,0.955969234199086,0.5503387451171875,,58.791737758994024,1,O2_surto_06-08mai
2024-05-07 20:00:00,145133,-67.75193786621094,-63.02001953125,0.14499114605224173,0.116465586737682,0.035932558411939396,12213,-1.02716064453125,0.9001883239171374,0.62353515625,,79.60007872702184,1,O2_surto_06-08mai
2024-05-07 22:00:00,145133,-70.27151489257812,-64.37200927734375,0.12367276911522534,0.07652291346557985,0.03126787153851984,8075,-0.923492431640625,0.8480495356037152,0.6374359130859375,,104.13928794027427,0,O2_surto_06-08mai
2024-05-08 00:00:00,145133,-73.65145874023438,-65.66252136230469,0.11430894420979378,0.0856249095657087,0.03709011734064616,10672,-0.5623779296875,0.9305659670164917,0.5631103515625,,130.08789185003724,0,O2_surto_06-08mai
2024-05-08 02:00:00,145133,-76.2939453125,-65.23236083984375,0.1383420724438963,0.102313050787898,0.052358870828825975,12052,-0.4472198486328125,0.9259873879853966,0.551483154296875,,155.2710778753975,0,O2_surto_06-08mai
2024-05-08 04:00:00,145133,-74.02017211914062,-67.466796875,0.2137901097613913,0.1740610336725624,0.09144715536783501,21532,0.063568115234375,0.9472413152517184,0.46868896484375,,165.59648777091664,0,O2_surto_06-08mai
2024-05-08 06:00:00,145133,-77.58447265625,-70.02571105957031,0.28761894262504045,0.24544383427614672,0.15505777459295955,30186,0.0712890625,0.9579937719472603,0.44281005859375,,143.98452739953987,0,O2_surto_06-08mai
2024-05-08 08:00:00,145133,-74.6961669921875,-70.14862060546875,0.3638662468218806,0.28916924476170136,0.17601785948061432,34950,0.05596160888671875,0.950071530758226,0.4562835693359375,,118.14440799869888,0,O2_surto_06-08mai
2024-05-08 10:00:00,145133,-75.06488037109375,-70.27151489257812,0.330937829439204,0.26009246690966215,0.15921258431921065,31788,0.18267822265625,0.9488800805335347,0.4806365966796875,,92.72375328541915,0,O2_surto_06-08mai
2024-05-08 12:00:00,145133,-73.22128295898438,-67.38320922851562,0.26765105110484866,0.22116265770017846,0.104200974278765,26281,-0.1284637451171875,0.9627487538525932,0.502655029296875,,69.51347217526634,1,O2_surto_06-08mai
2024-05-08 14:00:00,145133,-71.99221801757812,-65.72396850585938,0.27386604011492904,0.21199175928286468,0.06851646420869134,21444,-0.62384033203125,0.9651650811415781,0.519195556640625,,52.099388494699134,1,O2_surto_06-08mai
2024-05-08 16:00:00,145133,-69.53408813476562,-64.18765258789062,0.23167026107087982,0.15704905155960394,0.04580626046453942,14923,-0.6162261962890625,0.9508141794545333,0.4989013671875,,47.57498168853165,1,O2_surto_06-08mai
2024-05-08 18:00:00,145133,-68.0592041015625,-64.06472778320312,0.19373953546057754,0.14424700102664453,0.045944065098909276,14881,-0.8197479248046875,0.9379073986963242,0.528472900390625,,59.011553763636556,1,O2_surto_06-08mai
2024-05-08 20:00:00,145133,-66.95303344726562,-62.15968322753906,0.16573074352490474,0.11142882735146382,0.02507355322359491,9692,-0.946533203125,0.9444903012794057,0.54541015625,,79.76227228761819,1,O2_surto_06-08mai
2024-05-08 22:00:00,145133,-66.27705383300781,-61.54515075683594,0.14528742601613692,0.10499335092639166,0.019733623641763072,9072,-1.1154632568359375,0.9508377425044092,0.56976318359375,,104.26670050195119,0,O2_surto_06-08mai
2024-05-10 00:00:00,145133,-53.863494873046875,-19.75689697265625,0.0029765801023888434,0.0002618288053027223,0.0,0,,,,,130.31313494044986,0,O3_cheia_10-13mai
2024-05-10 02:00:00,145133,-32.723541259765625,-17.60601806640625,0.0,0.0,0.0,0,,,,,155.5774635207938,0,O3_cheia_10-13mai
2024-05-10 04:00:00,145133,-45.01422119140625,-18.8350830078125,5.512185374794154e-05,0.0,0.0,0,,,,,166.07565035477427,0,O3_cheia_10-13mai
2024-05-10 06:00:00,145133,-53.433319091796875,-29.28216552734375,0.0012264612458916992,7.579254890341962e-05,0.0,0,,,,,144.23045612731693,0,O3_cheia_10-13mai
2024-05-10 08:00:00,145133,-54.600921630859375,-45.628753662109375,0.04373919094899161,0.0017156676979046806,0.0,0,,,,,118.37278561475475,0,O3_cheia_10-13mai
2024-05-10 10:00:00,145133,-65.96978759765625,-56.690338134765625,0.14864985909476136,0.0595936141332433,0.0031832870539436242,2529,-1.849090576171875,0.5911427441676552,0.6946868896484375,,92.99698374359794,0,O3_cheia_10-13mai
2024-05-10 12:00:00,145133,-70.64024353027344,-61.91387939453125,0.31999614147023764,0.1736200588425789,0.02172490060840746,11858,-1.438079833984375,0.7941474110305279,0.6033706665039062,,69.8761313348383,1,O3_cheia_10-13mai
2024-05-10 14:00:00,145133,-70.76315307617188,-61.8524169921875,0.4421944009977056,0.20409555373347205,0.0225379479511896,14044,-1.372833251953125,0.7945741953859299,0.613677978515625,,52.585447824279505,1,O3_cheia_10-13mai
2024-05-10 16:00:00,145133,-69.226806640625,-61.05352783203125,0.4102857379093659,0.14802284800837853,0.017280701149979674,9035,-1.4765167236328125,0.7605976757055893,0.6880340576171875,,48.107803742438065,1,O3_cheia_10-13mai
2024-05-10 18:00:00,145133,-73.09837341308594,-59.824462890625,0.27661524257060766,0.1039046943148698,0.009439617454334989,6660,-1.7838287353515625,0.6558558558558558,0.698455810546875,,59.43986925262977,1,O3_cheia_10-13mai
2024-05-10 20:00:00,145133,-65.41671752929688,-58.411041259765625,0.20960084887654773,0.08325466985454721,0.0053950514355797785,4811,-1.7991180419921875,0.636250259821243,0.698455810546875,,80.07813539884692,0,O3_cheia_10-13mai
2024-05-10 22:00:00,145133,-66.52287292480469,-55.15399169921875,0.19831464932165668,0.061901841758938356,0.0010266445260554112,1528,-2.2139511108398438,0.4155759162303665,0.8254241943359375,,104.51369990034193,0,O3_cheia_10-13mai
2024-05-11 00:00:00,145133,-64.86363220214844,-52.572967529296875,0.11401955447761708,0.023674836184740894,0.00039963343967257617,556,-2.5577163696289062,0.21223021582733814,1.1062469482421875,,130.42120170931526,0,O3_cheia_10-13mai
2024-05-11 02:00:00,145133,-65.23236083984375,-49.684661865234375,0.054997829577008675,0.00926047142965418,0.00011024370749588308,416,-3.078125,0.026442307692307692,1.0619049072265625,,155.72346221966197,0,O3_cheia_10-13mai
2024-05-11 04:00:00,145133,-52.69586181640625,-42.740447998046875,0.017638993199341292,0.0006752427084122839,0.0,0,,,,,166.3067202250277,0,O3_cheia_10-13mai
2024-05-11 06:00:00,145133,-55.58416748046875,-37.08673095703125,0.005339929581831837,0.0004892064520129812,0.0,1,,,,,144.34783129656194,0,O3_cheia_10-13mai
2024-05-11 08:00:00,145133,-60.684814453125,-43.21238708496094,0.011802966933777984,0.00437529714124286,3.445115859246346e-05,206,-3.2759628295898438,0.0,1.1176986694335938,,118.4828460082374,0,O3_cheia_10-13mai
2024-05-11 10:00:00,145133,-57.489227294921875,-41.63427734375,0.013167232814039536,0.0010679859163663674,0.0,18,,,,,93.12955947478746,0,O3_cheia_10-13mai
2024-05-11 12:00:00,145133,-65.53961181640625,-56.81324768066406,0.04712918495449002,0.024763492796262738,0.00437529714124286,1963,-2.279266357421875,0.3622007131940907,0.9105987548828125,,70.05255979379422,1,O3_cheia_10-13mai
2024-05-11 14:00:00,145133,-63.81892395019531,-56.321624755859375,0.09177788649032267,0.03478877994666961,0.0006752427084122839,2260,-2.417510986328125,0.16150442477876106,0.8713531494140625,,52.82167741263752,1,O3_cheia_10-13mai
2024-05-11 16:00:00,145133,-71.377685546875,-60.50044250488281,0.12316978219977538,0.0662978095953367,0.012092356665954675,5046,-2.3330078125,0.33828775267538647,0.9681396484375,,48.36651219950086,1,O3_cheia_10-13mai
2024-05-11 18:00:00,145133,-68.18209838867188,-63.1429443359375,0.13434573804717054,0.08709252892174764,0.027285317605231063,8498,-1.9720611572265625,0.5095316545069428,0.9317626953125,,59.648202605413175,1,O3_cheia_10-13mai
2024-05-11 20:00:00,145133,-68.30502319335938,-59.88591003417969,0.1310728779808865,0.05539746301668125,0.009708336491356204,4418,-2.263946533203125,0.3499320959710276,0.877716064453125,,80.23168930738869,0,O3_cheia_10-13mai
2024-05-11 22:00:00,145133,-66.58432006835938,-60.50044250488281,0.11924924035195304,0.08055369902089807,0.01230595384922795,6958,-2.306182861328125,0.2969244035642426,0.9045257568359375,,104.63323795119393,0,O3_cheia_10-13mai
2024-05-12 00:00:00,145133,-72.48384094238281,-60.50044250488281,0.18139913045275713,0.0882707585456099,0.012781379837803945,7119,-2.152557373046875,0.4091866835229667,0.861480712890625,,130.52624902846276,0,O3_cheia_10-13mai
2024-05-12 02:00:00,145133,-70.27151489257812,-60.254638671875,0.2013325708143565,0.08805027113061813,0.012037234812206735,6736,-2.2254791259765625,0.38554038004750596,0.86553955078125,,155.86470877823388,0,O3_cheia_10-13mai
2024-05-12 04:00:00,145133,-67.93629455566406,-63.327301025390625,0.18239132382022008,0.0963805612782758,0.028897631827358355,8072,-1.5034332275390625,0.6662537165510406,0.754974365234375,,166.53203884842043,0,O3_cheia_10-13mai
2024-05-12 06:00:00,145133,-64.86363220214844,-61.237884521484375,0.20685853665258763,0.13198927879944602,0.023040934866639565,11256,-2.152557373046875,0.42821606254442074,0.8675689697265625,,144.46152278956163,0,O3_cheia_10-13mai
2024-05-12 08:00:00,145133,-72.238037109375,-63.63456726074219,0.17837431872833884,0.12972239256406193,0.04167212143344381,13960,-2.110321044921875,0.4459169054441261,0.92626953125,,118.5901485899651,0,O3_cheia_10-13mai
2024-05-12 10:00:00,145133,-72.72964477539062,-65.72396850585938,0.13282299683738363,0.10517938718279096,0.05875300586358719,12645,-1.895233154296875,0.55001977066034,1.0143585205078125,,93.2593905624043,0,O3_cheia_10-13mai
2024-05-12 12:00:00,145133,-64.80218505859375,-61.606597900390625,0.11091895020429537,0.0808086375944823,0.02039508588673837,8446,-2.4252243041992188,0.33045228510537533,1.164215087890625,,70.2256277125167,1,O3_cheia_10-13mai
2024-05-12 14:00:00,145133,-65.53961181640625,-56.628875732421875,0.08159412401039047,0.0593111146327851,0.0004409748299835323,3773,-2.847686767578125,0.03710575139146568,1.0511932373046875,,53.0532627573614,1,O3_cheia_10-13mai
2024-05-12 16:00:00,145133,-68.4893798828125,-58.22666931152344,0.08643795690849083,0.05493581749154224,0.0050229789227811735,4277,-2.5711669921875,0.1978021978021978,0.989593505859375,,48.61998033431477,1,O3_cheia_10-13mai
2024-05-12 18:00:00,145133,-68.42791748046875,-61.237884521484375,0.09143337490439804,0.06432720332384778,0.01606802036752496,5747,-2.14483642578125,0.4317034974769445,0.9864044189453125,,59.85254505240827,1,O3_cheia_10-13mai
2024-05-12 20:00:00,145133,-67.50613403320312,-60.684814453125,0.07309157806977049,0.04597851625750174,0.012905404008736814,4435,-2.3369293212890625,0.34746335963923336,0.99945068359375,,80.38224967693587,0,O3_cheia_10-13mai
2024-05-12 22:00:00,145133,-69.47262573242188,-59.148468017578125,0.06598774916800453,0.030764884623069873,0.008502545940619983,2291,-1.9835205078125,0.5141859450021824,0.922210693359375,,104.75010405440213,0,O3_cheia_10-13mai
2024-05-13 00:00:00,145133,-67.50613403320312,-58.411041259765625,0.056306973603522284,0.02525269924827572,0.008530106867493954,2125,-2.064239501953125,0.48705882352941177,0.978302001953125,,130.62829132880356,0,O3_cheia_10-13mai
2024-05-13 02:00:00,145133,-67.50613403320312,-52.142791748046875,0.0376206651829701,0.015399667890831168,0.0005787794643533862,400,-2.6307373046875,0.1425,0.9962615966796875,,156.00124160864854,0,O3_cheia_10-13mai
2024-05-13 04:00:00,145133,-70.14862060546875,-47.103607177734375,0.02228989960932386,0.006862670791618722,0.0009026203551225427,321,-2.5827178955078125,0.3582554517133956,1.163055419921875,,166.7515541201806,0,O3_cheia_10-13mai
2024-05-13 06:00:00,145133,-58.59539794921875,-37.8856201171875,0.006972914499114605,0.0002756092687397077,0.0,10,,,,,144.57156519774853,0,O3_cheia_10-13mai
2024-05-13 08:00:00,145133,-42.00299072265625,-25.53350830078125,3.445115859246346e-05,0.0,0.0,0,,,,,118.69469051945941,0,O3_cheia_10-13mai
2024-05-13 10:00:00,145133,-35.980560302734375,-21.170318603515625,0.0,0.0,0.0,0,,,,,93.38643957523183,0,O3_cheia_10-13mai
2024-05-13 12:00:00,145133,-43.846588134765625,-16.376953125,3.445115859246346e-05,0.0,0.0,0,,,,,70.39526703456555,1,O3_cheia_10-13mai
2024-05-13 14:00:00,145133,-47.595245361328125,-20.002716064453125,0.0004823162202944885,0.0,0.0,0,,,,,53.28012292600285,1,O3_cheia_10-13mai
2024-05-13 16:00:00,145133,-50.7293701171875,-31.064300537109375,0.0006890231718492693,1.3780463436985385e-05,0.0,0,,,,,48.868131209114026,1,O3_cheia_10-13mai
2024-05-13 18:00:00,145133,-57.243408203125,-42.84367370605469,0.011968332495021808,0.0049471863738777535,0.0,112,-2.25811767578125,0.17857142857142858,0.76177978515625,,60.05281772748087,1,O3_cheia_10-13mai
2024-05-13 20:00:00,145133,-59.08702087402344,-42.86334228515625,0.01673637284421875,0.0029283484803593945,0.0,60,-2.73822021484375,0.016666666666666666,0.7571563720703125,,80.52976169328491,0,O3_cheia_10-13mai
2024-05-13 22:00:00,145133,-59.824462890625,-40.77392578125,0.011251748396298568,0.0020119476617998663,0.0,70,-2.7094192504882812,0.0,0.7527923583984375,,104.86427630300287,0,O3_cheia_10-13mai
