pulso,quando,celula,clat,clon,area_pix,tbmin,nflash,eletrificada,dir,de_dia
P1,2024-05-01 1100UT,C1,-28.241,-54.191,6025,-78.6,150,1,,0
P1,2024-05-01 1100UT,C2,-30.514,-49.765,49128,-76.6,0,0,,0
P1,2024-05-01 1100UT,C3,-29.175,-51.902,170,-59.8,12,1,,0
P1,2024-05-01 1100UT,C4,-30.058,-45.249,168,-56.1,0,0,,0
P1,2024-05-01 1200UT,C2,-30.282,-50.282,57757,-78.6,0,0,"+0.23,-0.52",1
P1,2024-05-01 1200UT,C4,-29.436,-45.558,376,-55.3,0,0,"+0.62,-0.31",1
P1,2024-05-01 1300UT,C2,-30.368,-49.856,58586,-82.5,0,0,"-0.09,+0.43",1
P1,2024-05-01 1300UT,C5,-29.076,-54.518,93,-62.8,15,1,,1
P1,2024-05-01 1300UT,C6,-29.966,-55.658,165,-55.5,29,1,,1
P1,2024-05-01 1400UT,C2,-30.093,-49.912,50083,-80.1,0,0,"+0.27,-0.06",1
P1,2024-05-01 1400UT,C6,-29.35,-55.27,88,-69.9,81,1,"+0.62,+0.39",1
P1,2024-05-01 1500UT,C2,-30.115,-50.12,48035,-77.9,1,0,"-0.02,-0.21",1
P1,2024-05-01 1500UT,C6,-29.21,-54.975,103,-71.7,280,1,"+0.14,+0.29",1
P1,2024-05-01 1600UT,C2,-30.135,-49.965,51394,-83.0,0,0,"-0.02,+0.15",1
P1,2024-05-01 1600UT,C7,-29.667,-56.584,625,-75.7,157,1,,1
P1,2024-05-01 1600UT,C8,-30.176,-58.129,168,-69.9,0,0,,1
P1,2024-05-01 1700UT,C2,-30.398,-49.305,58018,-80.6,3,0,"-0.26,+0.66",1
P1,2024-05-01 1700UT,C7,-29.199,-57.456,165,-57.9,75,1,"+0.47,-0.87",1
P1,2024-05-01 1700UT,C9,-30.029,-55.836,2884,-80.4,0,0,,1
P1,2024-05-01 1700UT,C8,-30.16,-58.89,495,-61.4,0,0,"+0.02,-0.76",1
P1,2024-05-01 1700UT,C10,-30.589,-57.103,1290,-71.7,2,0,,1
P1,2024-05-01 1800UT,C11,-26.613,-54.003,103,-63.5,14,1,,1
P1,2024-05-01 1800UT,C2,-30.255,-50.184,63154,-84.0,0,0,"+0.14,-0.88",1
P1,2024-05-01 1800UT,C7,-27.99,-56.9,150,-65.3,108,1,"+1.21,+0.56",1
P1,2024-05-01 1800UT,C10,-30.691,-57.721,945,-61.2,79,1,"-0.10,-0.62",1
P1,2024-05-01 1900UT,C11,-26.817,-53.159,173,-61.1,0,0,"-0.20,+0.84",1
P1,2024-05-01 1900UT,C2,-30.422,-50.745,62635,-85.8,0,0,"-0.17,-0.56",1
P1,2024-05-01 1900UT,C7,-27.674,-56.885,163,-58.8,76,1,"+0.32,+0.01",1
P1,2024-05-01 1900UT,C12,-28.179,-52.106,597,-77.9,154,1,,1
P1,2024-05-01 1900UT,C13,-28.222,-53.083,324,-77.6,222,1,,1
P1,2024-05-01 1900UT,C14,-28.44,-55.891,632,-64.1,48,1,,1
P1,2024-05-01 1900UT,C15,-28.753,-54.797,456,-69.5,21,1,,1
P1,2024-05-01 1900UT,C10,-31.706,-56.856,393,-56.8,0,0,"-1.02,+0.87",1
P1,2024-05-01 1900UT,C16,-34.099,-44.929,1536,-57.8,0,0,,1
P1,2024-05-01 2000UT,C2,-30.576,-50.495,74193,-80.0,0,0,"-0.15,+0.25",0
P1,2024-05-01 2000UT,C14,-27.845,-56.217,1054,-67.4,8,1,"+0.59,-0.33",0
P1,2024-05-01 2000UT,C15,-28.598,-55.691,181,-58.3,28,1,"+0.16,-0.89",0
P1,2024-05-01 2000UT,C17,-32.525,-55.343,192,-58.3,105,1,,0
P1,2024-05-01 2100UT,C2,-30.869,-50.01,76703,-81.4,0,0,"-0.29,+0.48",0
P1,2024-05-01 2100UT,C18,-27.302,-59.122,300,-59.3,0,0,,0
P1,2024-05-01 2100UT,C19,-27.62,-58.94,124,-56.9,0,0,,0
P1,2024-05-01 2100UT,C15,-28.127,-55.504,1484,-69.1,21,1,"+0.47,+0.19",0
P1,2024-05-01 2100UT,C20,-28.125,-54.187,268,-62.7,186,1,,0
P1,2024-05-01 2100UT,C21,-28.585,-54.498,543,-77.9,311,1,,0
P1,2024-05-01 2100UT,C22,-29.209,-55.269,1301,-86.3,539,1,,0
P1,2024-05-01 2100UT,C23,-29.873,-56.949,207,-55.5,12,1,,0
P1,2024-05-01 2200UT,C2,-31.034,-50.084,73007,-87.2,0,0,"-0.16,-0.07",0
P1,2024-05-01 2200UT,C24,-27.506,-46.322,258,-55.6,0,0,,0
P1,2024-05-01 2200UT,C19,-27.78,-58.282,2260,-75.5,0,0,"-0.16,+0.66",0
P1,2024-05-01 2200UT,C15,-27.877,-56.652,183,-65.7,169,1,"+0.25,-1.15",0
P1,2024-05-01 2200UT,C21,-28.483,-55.062,832,-68.1,168,1,"+0.10,-0.56",0
P1,2024-05-01 2200UT,C22,-29.009,-55.661,181,-56.4,609,1,"+0.20,-0.39",0
P1,2024-05-01 2200UT,C23,-29.127,-56.82,249,-67.9,378,1,"+0.75,+0.13",0
P1,2024-05-01 2200UT,C25,-29.403,-58.971,128,-55.2,0,0,,0
P1,2024-05-01 2200UT,C26,-30.033,-56.556,1157,-64.2,64,1,,0
P1,2024-05-01 2200UT,C27,-34.191,-43.518,632,-60.7,0,0,,0
P1,2024-05-01 2300UT,C24,-27.179,-47.093,83,-56.6,0,0,"+0.33,-0.77",0
P1,2024-05-01 2300UT,C15,-28.126,-56.998,5496,-76.3,395,1,"-0.25,-0.35",0
P1,2024-05-01 2300UT,C28,-28.756,-47.71,2293,-59.3,0,0,,0
P1,2024-05-01 2300UT,C23,-27.781,-56.749,93,-61.7,555,1,"+1.35,+0.07",0
P1,2024-05-01 2300UT,C2,-31.29,-49.742,68879,-83.7,0,0,"-0.26,+0.34",0
P1,2024-05-01 2300UT,C19,-28.014,-58.659,99,-59.6,0,0,"-0.23,-0.38",0
P1,2024-05-01 2300UT,C26,-30.492,-55.669,1296,-70.3,1,0,"-0.46,+0.89",0
P1,2024-05-02 1100UT,C29,-29.904,-50.459,110116,-82.3,1,0,,0
P1,2024-05-02 1200UT,C29,-29.961,-50.579,109186,-81.5,0,0,"-0.06,-0.12",1
P1,2024-05-02 1200UT,C30,-27.863,-46.894,154,-55.5,0,0,,1
P1,2024-05-02 1300UT,C29,-30.051,-50.512,108726,-79.7,3,0,"-0.09,+0.07",1
P1,2024-05-02 1300UT,C30,-27.713,-46.237,567,-55.4,0,0,"+0.15,+0.66",1
P1,2024-05-02 1400UT,C29,-30.039,-50.392,108519,-80.3,0,0,"+0.01,+0.12",1
P1,2024-05-02 1400UT,C30,-27.68,-46.711,258,-57.6,0,0,"+0.03,-0.47",1
P1,2024-05-02 1500UT,C31,-25.826,-59.964,871,-63.8,0,0,,1
P1,2024-05-02 1500UT,C29,-30.043,-50.58,105374,-78.6,0,0,"-0.00,-0.19",1
P1,2024-05-02 1500UT,C32,-27.358,-48.93,144,-56.5,1,0,,1
P1,2024-05-02 1500UT,C33,-33.858,-48.48,155,-55.6,0,0,,1
P1,2024-05-02 1600UT,C34,-24.784,-58.567,219,-63.8,0,0,,1
P1,2024-05-02 1600UT,C29,-29.83,-51.137,95333,-76.6,0,0,"+0.21,-0.56",1
P1,2024-05-02 1600UT,C35,-26.323,-57.213,109,-64.2,106,1,,1
P1,2024-05-02 1600UT,C36,-26.888,-51.345,461,-72.6,10,1,,1
P1,2024-05-02 1600UT,C37,-27.091,-46.614,127,-57.4,0,0,,1
P1,2024-05-02 1600UT,C32,-27.223,-48.275,84,-67.1,38,1,"+0.14,+0.66",1
P1,2024-05-02 1600UT,C38,-28.94,-46.199,2745,-58.3,0,0,,1
P1,2024-05-02 1700UT,C34,-24.996,-58.162,1241,-72.0,0,0,"-0.21,+0.41",1
P1,2024-05-02 1700UT,C29,-29.288,-51.649,88137,-83.3,1,0,"+0.54,-0.51",1
P1,2024-05-02 1700UT,C35,-25.991,-57.439,458,-67.4,19,1,"+0.33,-0.23",1
P1,2024-05-02 1700UT,C39,-26.281,-57.518,105,-70.3,23,1,,1
P1,2024-05-02 1700UT,C32,-26.789,-48.068,202,-61.2,62,1,"+0.43,+0.21",1
P1,2024-05-02 1700UT,C40,-35.27,-44.031,2603,-61.6,0,0,,1
P1,2024-05-02 1800UT,C34,-25.195,-57.621,3213,-77.3,0,0,"-0.20,+0.54",1
P1,2024-05-02 1800UT,C29,-29.229,-51.62,88252,-80.0,16,1,"+0.06,+0.03",1
P1,2024-05-02 1800UT,C40,-35.484,-43.034,1048,-55.6,0,0,"-0.21,+1.00",1
P1,2024-05-02 1900UT,C34,-24.709,-58.953,125,-57.3,0,0,"+0.49,-1.33",1
P1,2024-05-02 1900UT,C29,-28.862,-52.022,83459,-77.7,0,0,"+0.37,-0.40",1
P1,2024-05-02 1900UT,C41,-26.24,-59.001,126,-60.9,0,0,,1
P1,2024-05-02 2000UT,C29,-28.563,-52.099,74948,-78.9,0,0,"+0.30,-0.08",0
P1,2024-05-02 2000UT,C42,-24.773,-57.305,232,-62.2,0,0,,0
P1,2024-05-02 2000UT,C43,-26.098,-51.87,97,-58.7,9,1,,0
P1,2024-05-02 2000UT,C41,-26.5,-58.847,322,-57.4,0,0,"-0.26,+0.15",0
P1,2024-05-02 2000UT,C44,-26.762,-58.087,428,-58.6,0,0,,0
P1,2024-05-02 2100UT,C29,-28.085,-52.902,62958,-77.6,0,0,"+0.48,-0.80",0
P1,2024-05-02 2200UT,C29,-28.008,-52.841,61243,-77.0,0,0,"+0.08,+0.06",0
P1,2024-05-02 2300UT,C29,-27.876,-52.773,61718,-77.5,0,0,"+0.13,+0.07",0
