T_bin,refl39_med,re_proxy_med,celula,metade,quando,n,valido_re,pulso
-70.0,0.03738380069454884,6.330933608319183,C2,frente,2024-05-01 1200UT,4675,1,P1
-65.0,0.03674016040569516,6.404269653269022,C2,frente,2024-05-01 1200UT,4078,1,P1
-60.0,0.032055336625313076,7.074913216745227,C2,frente,2024-05-01 1200UT,7401,1,P1
-55.0,0.0316766499861625,7.141435971522852,C2,frente,2024-05-01 1200UT,6418,1,P1
-50.0,0.029873685620199937,7.488608263098048,C2,frente,2024-05-01 1200UT,4402,1,P1
-45.0,0.027366389148701285,8.066892863806679,C2,frente,2024-05-01 1200UT,2671,1,P1
-65.0,0.04367205450990609,5.788094513630124,C2,traseira,2024-05-01 1200UT,334,1,P1
-60.0,0.034493887375866075,6.69334653136763,C2,traseira,2024-05-01 1200UT,4615,1,P1
-55.0,0.03436670643169707,6.711388756171308,C2,traseira,2024-05-01 1200UT,7257,1,P1
-50.0,0.033574074788969316,6.828247423532805,C2,traseira,2024-05-01 1200UT,9327,1,P1
-45.0,0.037042194716141494,6.3693659771316575,C2,traseira,2024-05-01 1200UT,5550,1,P1
-55.0,0.03138492067273284,7.194307403760933,C4,frente,2024-05-01 1200UT,12,1,P1
-50.0,0.021459628563162286,10.017476712590769,C4,frente,2024-05-01 1200UT,52,1,P1
-45.0,0.02232805290461904,9.667158322093744,C4,frente,2024-05-01 1200UT,124,1,P1
-55.0,0.01790546378309067,11.746847776528305,C4,traseira,2024-05-01 1200UT,7,1,P1
-50.0,0.01748023106281005,11.990216018911891,C4,traseira,2024-05-01 1200UT,31,1,P1
-45.0,0.01803088603704018,11.676697941799063,C4,traseira,2024-05-01 1200UT,149,1,P1
-65.0,0.027549023826752984,8.020571877126308,C2,frente,2024-05-01 1300UT,98,1,P1
-60.0,0.03367072722240857,6.813581186265055,C2,frente,2024-05-01 1300UT,1187,1,P1
-55.0,0.02530790104369017,8.64080797445666,C2,frente,2024-05-01 1300UT,7273,1,P1
-50.0,0.023946563704771745,9.078178351707965,C2,frente,2024-05-01 1300UT,10830,1,P1
-45.0,0.02463371090991128,8.851213171750292,C2,frente,2024-05-01 1300UT,7806,1,P1
-70.0,0.027619070610008064,8.00298911462608,C2,traseira,2024-05-01 1300UT,4635,1,P1
-65.0,0.0283817359755832,7.818071306316568,C2,traseira,2024-05-01 1300UT,6147,1,P1
-60.0,0.028350481636444748,7.825420619268996,C2,traseira,2024-05-01 1300UT,6103,1,P1
-55.0,0.024252998918472074,8.97535534252253,C2,traseira,2024-05-01 1300UT,4253,1,P1
-50.0,0.02012957253273917,10.605414502877915,C2,traseira,2024-05-01 1300UT,3660,1,P1
-45.0,0.019535887096687438,10.889710217671428,C2,traseira,2024-05-01 1300UT,3836,1,P1
-65.0,0.021567981655037996,9.97221580652333,C5,inteira,2024-05-01 1300UT,5,1,P1
-60.0,0.018292372832714364,11.5358350789753,C5,inteira,2024-05-01 1300UT,18,1,P1
-55.0,0.0154374972164197,13.310761409808581,C5,inteira,2024-05-01 1300UT,18,1,P1
-50.0,0.01664023710177834,12.497236563672427,C5,inteira,2024-05-01 1300UT,32,1,P1
-45.0,0.01961043983350818,10.8560580637644,C5,inteira,2024-05-01 1300UT,20,1,P1
-55.0,0.01961311362302145,10.851928390991706,C6,inteira,2024-05-01 1300UT,23,1,P1
-50.0,0.01939354137029882,10.960063931356235,C6,inteira,2024-05-01 1300UT,88,1,P1
-45.0,0.019302909391710876,11.00517500919343,C6,inteira,2024-05-01 1300UT,53,1,P1
-70.0,0.020169636750105465,10.586730985031561,C2,frente,2024-05-01 1400UT,6211,1,P1
-65.0,0.021169585711370315,10.140062694178106,C2,frente,2024-05-01 1400UT,5292,1,P1
-60.0,0.020623357612238345,10.379439830198809,C2,frente,2024-05-01 1400UT,3108,1,P1
-55.0,0.02006060752440404,10.637722026784438,C2,frente,2024-05-01 1400UT,2817,1,P1
-50.0,0.019039887864814448,11.138252297834306,C2,frente,2024-05-01 1400UT,2193,1,P1
-45.0,0.016708386426166594,12.45460413459059,C2,frente,2024-05-01 1400UT,1551,1,P1
-70.0,0.0282064393714138,7.859539984680744,C2,traseira,2024-05-01 1400UT,587,1,P1
-65.0,0.029601762747525743,7.545644416706599,C2,traseira,2024-05-01 1400UT,1408,1,P1
-60.0,0.02714087567240511,8.125073310568329,C2,traseira,2024-05-01 1400UT,3833,1,P1
-55.0,0.0252563878901007,8.656470737294157,C2,traseira,2024-05-01 1400UT,5330,1,P1
-50.0,0.020991036373777697,10.217113869956282,C2,traseira,2024-05-01 1400UT,8189,1,P1
-45.0,0.019629717513393544,10.843836925832864,C2,traseira,2024-05-01 1400UT,6456,1,P1
-60.0,0.020195749483753186,10.574587134523007,C6,frente,2024-05-01 1400UT,7,1,P1
-55.0,0.018067128591936904,11.66086960529663,C6,frente,2024-05-01 1400UT,6,1,P1
-50.0,0.017782263670895183,11.816472271285415,C6,frente,2024-05-01 1400UT,13,1,P1
-45.0,0.017230856792157623,12.140333043164283,C6,frente,2024-05-01 1400UT,18,1,P1
-70.0,0.0219443439721867,9.832972172558476,C6,traseira,2024-05-01 1400UT,8,1,P1
-65.0,0.01985270959160865,10.736373655359749,C6,traseira,2024-05-01 1400UT,8,1,P1
-60.0,0.01996399157933469,10.68490451670597,C6,traseira,2024-05-01 1400UT,8,1,P1
-55.0,0.01659070552227735,12.528376094536684,C6,traseira,2024-05-01 1400UT,8,1,P1
-45.0,0.017272505324274108,12.134385581675442,C6,traseira,2024-05-01 1400UT,6,1,P1
-70.0,0.01870372325091458,11.31263884075156,C2,frente,2024-05-01 1500UT,7100,1,P1
-65.0,0.02051322300231888,10.429038962307665,C2,frente,2024-05-01 1500UT,6808,1,P1
-60.0,0.025032361151357464,8.725374371081479,C2,frente,2024-05-01 1500UT,4510,1,P1
-55.0,0.020035662024409092,10.649454185979309,C2,frente,2024-05-01 1500UT,2452,1,P1
-50.0,0.02007591228680549,10.630536290138265,C2,frente,2024-05-01 1500UT,2222,1,P1
-45.0,0.019200820546396224,11.056481390348734,C2,frente,2024-05-01 1500UT,1639,1,P1
-70.0,0.01452727232446202,13.940498556918776,C2,traseira,2024-05-01 1500UT,213,1,P1
-65.0,0.015333108613897506,13.35983200190074,C2,traseira,2024-05-01 1500UT,3984,1,P1
-60.0,0.019457951909390533,10.92808596385046,C2,traseira,2024-05-01 1500UT,4235,1,P1
-55.0,0.023357708474694778,9.283291154548825,C2,traseira,2024-05-01 1500UT,4243,1,P1
-50.0,0.020986565301323243,10.219058073304852,C2,traseira,2024-05-01 1500UT,4921,1,P1
-45.0,0.01852802005890456,11.405748218701932,C2,traseira,2024-05-01 1500UT,4286,1,P1
-65.0,0.021230909375313738,10.11394974047712,C6,frente,2024-05-01 1500UT,12,1,P1
-60.0,0.021390355729156867,10.046755969432253,C6,frente,2024-05-01 1500UT,16,1,P1
-55.0,0.02092009492615943,10.259687550231003,C6,frente,2024-05-01 1500UT,6,1,P1
-50.0,0.033450387375122,6.9768091157596395,C6,frente,2024-05-01 1500UT,10,1,P1
-65.0,0.017742065365511872,11.839344779232302,C6,traseira,2024-05-01 1500UT,17,1,P1
-60.0,0.017513865396298504,11.970650846223528,C6,traseira,2024-05-01 1500UT,15,1,P1
-55.0,0.016874640192664957,12.352036617119463,C6,traseira,2024-05-01 1500UT,7,1,P1
-50.0,0.015923950815973704,12.958189150588396,C6,traseira,2024-05-01 1500UT,7,1,P1
-45.0,0.01673764410559412,12.474166667623933,C6,traseira,2024-05-01 1500UT,6,1,P1
-70.0,0.019099398016586916,11.107886959822924,C2,frente,2024-05-01 1600UT,11,1,P1
-65.0,0.015493684483868248,13.248712214201461,C2,frente,2024-05-01 1600UT,2496,1,P1
-60.0,0.017056085152670836,12.241707001338485,C2,frente,2024-05-01 1600UT,6961,1,P1
-55.0,0.018952193420359108,11.18327417457969,C2,frente,2024-05-01 1600UT,6548,1,P1
-50.0,0.020247508541869724,10.550594300368322,C2,frente,2024-05-01 1600UT,6817,1,P1
-45.0,0.02119346391904893,10.129844723155925,C2,frente,2024-05-01 1600UT,3322,1,P1
-70.0,0.020550873683872314,10.412031772520521,C2,traseira,2024-05-01 1600UT,4328,1,P1
-65.0,0.01991863464975517,10.704818624715434,C2,traseira,2024-05-01 1600UT,6682,1,P1
-60.0,0.02016847032600267,10.587274291351331,C2,traseira,2024-05-01 1600UT,4440,1,P1
-55.0,0.02197800804593864,9.805190612100436,C2,traseira,2024-05-01 1600UT,3907,1,P1
-50.0,0.02158299597182037,9.965999538124038,C2,traseira,2024-05-01 1600UT,2066,1,P1
-45.0,0.02304608570640821,9.395985796886546,C2,traseira,2024-05-01 1600UT,1298,1,P1
-70.0,0.027205443977756292,8.108303410549189,C7,inteira,2024-05-01 1600UT,29,1,P1
-65.0,0.02651405356189988,8.29265067988744,C7,inteira,2024-05-01 1600UT,191,1,P1
-60.0,0.02521015644345143,8.670584858557737,C7,inteira,2024-05-01 1600UT,173,1,P1
-55.0,0.024529167575680424,8.884913528981524,C7,inteira,2024-05-01 1600UT,100,1,P1
-50.0,0.02643287307069944,8.315026462360247,C7,inteira,2024-05-01 1600UT,60,1,P1
-45.0,0.027866961776427664,7.941590927986995,C7,inteira,2024-05-01 1600UT,61,1,P1
-70.0,0.024519249469262493,8.888123274721902,C8,inteira,2024-05-01 1600UT,5,1,P1
-65.0,0.024063825392250746,9.038521254981813,C8,inteira,2024-05-01 1600UT,15,1,P1
-60.0,0.021178996658501363,10.136033009517302,C8,inteira,2024-05-01 1600UT,23,1,P1
-55.0,0.020573011403384828,10.402465549426442,C8,inteira,2024-05-01 1600UT,30,1,P1
-50.0,0.019607513163759194,10.854660152285312,C8,inteira,2024-05-01 1600UT,45,1,P1
-45.0,0.01983554854840698,10.744458820964443,C8,inteira,2024-05-01 1600UT,50,1,P1
-65.0,0.017658537775499094,11.887117014393112,C2,frente,2024-05-01 1700UT,51,1,P1
-60.0,0.017158985217369763,12.179874809327707,C2,frente,2024-05-01 1700UT,1921,1,P1
-55.0,0.016422151218200287,12.634555983358137,C2,frente,2024-05-01 1700UT,7444,1,P1
-50.0,0.019187293767694798,11.063312296588348,C2,frente,2024-05-01 1700UT,12867,1,P1
-45.0,0.022770466231524733,9.498115500210538,C2,frente,2024-05-01 1700UT,7056,1,P1
-70.0,0.02354566566287155,9.216724233024536,C2,traseira,2024-05-01 1700UT,4816,1,P1
-65.0,0.021278254820064485,10.09372545828543,C2,traseira,2024-05-01 1700UT,6139,1,P1
-60.0,0.021224174504888834,10.116733120094718,C2,traseira,2024-05-01 1700UT,6093,1,P1
-55.0,0.019160755309356653,11.07673638178678,C2,traseira,2024-05-01 1700UT,4517,1,P1
-50.0,0.019125282391141446,11.094726282428251,C2,traseira,2024-05-01 1700UT,2730,1,P1
-45.0,0.02264014006030953,9.547233850362822,C2,traseira,2024-05-01 1700UT,1432,1,P1
-55.0,0.021062452851912113,10.186171661151135,C7,frente,2024-05-01 1700UT,18,1,P1
-50.0,0.021953530135955517,9.815349420995044,C7,frente,2024-05-01 1700UT,44,1,P1
-45.0,0.024531460031769127,8.884168939233998,C7,frente,2024-05-01 1700UT,19,1,P1
-60.0,0.023540457949799445,9.218554578836368,C7,traseira,2024-05-01 1700UT,13,1,P1
-55.0,0.022940387322470904,9.434870599060496,C7,traseira,2024-05-01 1700UT,25,1,P1
-50.0,0.022413571576050624,9.633905634024671,C7,traseira,2024-05-01 1700UT,30,1,P1
-45.0,0.029566818882689333,7.5577557598563505,C7,traseira,2024-05-01 1700UT,14,1,P1
-70.0,0.03522853385439634,6.592788457624173,C9,inteira,2024-05-01 1700UT,842,1,P1
-65.0,0.03389338011871064,6.7802415163388385,C9,inteira,2024-05-01 1700UT,757,1,P1
-60.0,0.03188376311710879,7.104794562278331,C9,inteira,2024-05-01 1700UT,450,1,P1
-55.0,0.03260412563113411,6.982160458893642,C9,inteira,2024-05-01 1700UT,180,1,P1
-50.0,0.04088655340096367,5.994014552933911,C9,inteira,2024-05-01 1700UT,116,1,P1
-45.0,0.046748611220618255,5.609879142656249,C9,inteira,2024-05-01 1700UT,92,1,P1
-65.0,0.026626550078385908,8.26264876413358,C8,frente,2024-05-01 1700UT,8,1,P1
-60.0,0.024454542028572473,8.909145778984609,C8,frente,2024-05-01 1700UT,81,1,P1
-55.0,0.023350547923147225,9.2858536789547,C8,frente,2024-05-01 1700UT,42,1,P1
-50.0,0.02270515164620809,9.522664951506158,C8,frente,2024-05-01 1700UT,33,1,P1
-45.0,0.021526175925925442,9.98961443366393,C8,frente,2024-05-01 1700UT,74,1,P1
-60.0,0.027725783742061628,7.976402638925183,C8,traseira,2024-05-01 1700UT,97,1,P1
-55.0,0.023908723982862565,9.091058409572703,C8,traseira,2024-05-01 1700UT,71,1,P1
-50.0,0.021871298630845446,9.848111086686785,C8,traseira,2024-05-01 1700UT,45,1,P1
-45.0,0.01943255886959321,10.941189471195024,C8,traseira,2024-05-01 1700UT,44,1,P1
-70.0,0.032828866533868066,6.945382282129602,C10,inteira,2024-05-01 1700UT,277,1,P1
-65.0,0.03251241109245177,6.997367971610028,C10,inteira,2024-05-01 1700UT,530,1,P1
-60.0,0.029946052500711327,7.4736456608722515,C10,inteira,2024-05-01 1700UT,240,1,P1
-55.0,0.02928875562435698,7.6129183705295125,C10,inteira,2024-05-01 1700UT,101,1,P1
-50.0,0.03352358287845024,6.836016224978426,C10,inteira,2024-05-01 1700UT,62,1,P1
-45.0,0.026183744295241895,8.384852314284807,C10,inteira,2024-05-01 1700UT,70,1,P1
-65.0,0.03400233482625659,6.764150867064216,C11,inteira,2024-05-01 1800UT,11,1,P1
-60.0,0.03193930938042271,7.095072725526938,C11,inteira,2024-05-01 1800UT,41,1,P1
-55.0,0.031246863513582683,7.219900976619794,C11,inteira,2024-05-01 1800UT,20,1,P1
-50.0,0.031706384681020806,7.136292719245734,C11,inteira,2024-05-01 1800UT,18,1,P1
-45.0,0.03195870994825187,7.091688328688407,C11,inteira,2024-05-01 1800UT,13,1,P1
-70.0,0.02664074523465149,8.258070922853403,C2,frente,2024-05-01 1800UT,8415,1,P1
-65.0,0.02670030061293454,8.241941503647666,C2,frente,2024-05-01 1800UT,6512,1,P1
-60.0,0.024459345793098553,8.90758120751351,C2,frente,2024-05-01 1800UT,5285,1,P1
-55.0,0.022493489840211055,9.603145605887992,C2,frente,2024-05-01 1800UT,3122,1,P1
-50.0,0.026289499637377575,8.354845588975149,C2,frente,2024-05-01 1800UT,1927,1,P1
-45.0,0.03206032586694584,7.0740507813143445,C2,frente,2024-05-01 1800UT,1160,1,P1
-70.0,0.026213038786048748,8.376290031420936,C2,traseira,2024-05-01 1800UT,301,1,P1
-65.0,0.021333695009359763,10.070247561296796,C2,traseira,2024-05-01 1800UT,1698,1,P1
-60.0,0.022784738784366286,9.492768906950943,C2,traseira,2024-05-01 1800UT,2208,1,P1
-55.0,0.022105293087931816,9.754490915315582,C2,traseira,2024-05-01 1800UT,5898,1,P1
-50.0,0.021176689517679603,10.137020567067204,C2,traseira,2024-05-01 1800UT,12047,1,P1
-45.0,0.02292594263561773,9.440212173058825,C2,traseira,2024-05-01 1800UT,10037,1,P1
-60.0,0.029690634031847758,7.5268611466865405,C7,frente,2024-05-01 1800UT,17,1,P1
-55.0,0.0325991923133379,6.98297456358693,C7,frente,2024-05-01 1800UT,17,1,P1
-50.0,0.02613430449053653,8.398515348724011,C7,frente,2024-05-01 1800UT,23,1,P1
-45.0,0.02861269267417074,7.764547266885225,C7,frente,2024-05-01 1800UT,22,1,P1
-65.0,0.03149275700636808,7.174504808714751,C7,traseira,2024-05-01 1800UT,7,1,P1
-60.0,0.02750147606685418,8.032561704689105,C7,traseira,2024-05-01 1800UT,35,1,P1
-55.0,0.027421067938864625,8.054485484217633,C7,traseira,2024-05-01 1800UT,18,1,P1
-50.0,0.036286472984868166,6.458377669938893,C7,traseira,2024-05-01 1800UT,7,1,P1
-65.0,0.0287076247367022,7.742569679865313,C10,frente,2024-05-01 1800UT,39,1,P1
-60.0,0.02663040392994507,8.260879865214221,C10,frente,2024-05-01 1800UT,186,1,P1
-55.0,0.023113814161402145,9.371248743245797,C10,frente,2024-05-01 1800UT,118,1,P1
-50.0,0.019752490110593202,10.7843531485987,C10,frente,2024-05-01 1800UT,95,1,P1
-45.0,0.019175946440952666,11.06904861049862,C10,frente,2024-05-01 1800UT,70,1,P1
-60.0,0.02881171065309403,7.718883977998035,C10,traseira,2024-05-01 1800UT,35,1,P1
-55.0,0.02942916024549485,7.582524376829925,C10,traseira,2024-05-01 1800UT,177,1,P1
-50.0,0.024824801387463222,8.790430262957306,C10,traseira,2024-05-01 1800UT,126,1,P1
-45.0,0.023655439527490052,9.178326277927509,C10,traseira,2024-05-01 1800UT,99,1,P1
-60.0,0.034862319483130885,6.642242812948947,C11,frente,2024-05-01 1900UT,26,1,P1
-55.0,0.03898804677865063,6.164585322932194,C11,frente,2024-05-01 1900UT,32,1,P1
-50.0,0.07018350708666139,5.086777144317649,C11,frente,2024-05-01 1900UT,24,1,P1
-45.0,0.08926419330985505,5.017772122305392,C11,frente,2024-05-01 1900UT,8,1,P1
-65.0,0.03813588781072186,6.250085736416616,C11,traseira,2024-05-01 1900UT,8,1,P1
-60.0,0.037317478373063845,6.3383098571778556,C11,traseira,2024-05-01 1900UT,27,1,P1
-55.0,0.0360720890015315,6.4846661985525245,C11,traseira,2024-05-01 1900UT,21,1,P1
-50.0,0.04656042019969142,5.639183689274236,C11,traseira,2024-05-01 1900UT,12,1,P1
-45.0,0.035249368088752786,6.6367692970786845,C11,traseira,2024-05-01 1900UT,14,1,P1
-70.0,0.0371340926611576,6.358919177132828,C2,frente,2024-05-01 1900UT,8098,1,P1
-65.0,0.032052507133888866,7.075402529253644,C2,frente,2024-05-01 1900UT,5492,1,P1
-60.0,0.028195957709890626,7.862038803364973,C2,frente,2024-05-01 1900UT,4433,1,P1
-55.0,0.031202540874098662,7.22773963207454,C2,frente,2024-05-01 1900UT,2124,1,P1
-50.0,0.03393967296745361,6.77338704195054,C2,frente,2024-05-01 1900UT,1763,1,P1
-45.0,0.03844956036931863,6.2178260596074795,C2,frente,2024-05-01 1900UT,1411,1,P1
-70.0,0.024906763767122593,8.764570336928573,C2,traseira,2024-05-01 1900UT,1447,1,P1
-65.0,0.02397710466131456,9.067812259742505,C2,traseira,2024-05-01 1900UT,4602,1,P1
-60.0,0.02500459183326976,8.73400504824195,C2,traseira,2024-05-01 1900UT,5590,1,P1
-55.0,0.0267550225779339,8.22719121891778,C2,traseira,2024-05-01 1900UT,5864,1,P1
-50.0,0.02591294781684019,8.461787463397792,C2,traseira,2024-05-01 1900UT,10209,1,P1
-45.0,0.02827841166263679,7.84244067707517,C2,traseira,2024-05-01 1900UT,7351,1,P1
-60.0,0.024309374466526423,8.956739833007813,C7,frente,2024-05-01 1900UT,22,1,P1
-55.0,0.02309604922074754,9.37771375017656,C7,frente,2024-05-01 1900UT,21,1,P1
-50.0,0.022632567842468025,9.55010387083161,C7,frente,2024-05-01 1900UT,15,1,P1
-45.0,0.020753940395460666,10.321851911086036,C7,frente,2024-05-01 1900UT,24,1,P1
-60.0,0.024474341576835052,8.902708740856795,C7,traseira,2024-05-01 1900UT,28,1,P1
-55.0,0.024385220558091142,8.932042660834634,C7,traseira,2024-05-01 1900UT,8,1,P1
-50.0,0.02629449425362566,8.353449532336558,C7,traseira,2024-05-01 1900UT,27,1,P1
-45.0,0.0221830160184071,9.724721328029723,C7,traseira,2024-05-01 1900UT,18,1,P1
-70.0,0.03173356747809769,7.131360382334716,C12,inteira,2024-05-01 1900UT,74,1,P1
-65.0,0.02740281854489365,8.058075473347067,C12,inteira,2024-05-01 1900UT,66,1,P1
-60.0,0.029618727654932654,7.542167004584728,C12,inteira,2024-05-01 1900UT,66,1,P1
-55.0,0.021969219065433237,9.808711295128195,C12,inteira,2024-05-01 1900UT,51,1,P1
-50.0,0.03266437446707009,6.972232551739053,C12,inteira,2024-05-01 1900UT,41,1,P1
-45.0,0.04579484273143511,5.694836165243273,C12,inteira,2024-05-01 1900UT,28,1,P1
-70.0,0.030874796475572508,7.2894180883053945,C13,inteira,2024-05-01 1900UT,123,1,P1
-65.0,0.031183092190470305,7.231349068012024,C13,inteira,2024-05-01 1900UT,65,1,P1
-60.0,0.04015630218435174,6.056370384091844,C13,inteira,2024-05-01 1900UT,23,1,P1
-55.0,0.051971691417411536,5.39464174389217,C13,inteira,2024-05-01 1900UT,15,1,P1
-50.0,0.05440309220474526,5.324129571665468,C13,inteira,2024-05-01 1900UT,12,1,P1
-45.0,0.0623021285595391,5.16694772208833,C13,inteira,2024-05-01 1900UT,10,1,P1
-65.0,0.026448116794766843,8.31114629772713,C14,inteira,2024-05-01 1900UT,26,1,P1
-60.0,0.03529903743973443,6.583457786597364,C14,inteira,2024-05-01 1900UT,177,1,P1
-55.0,0.033692437559100424,6.810303031055458,C14,inteira,2024-05-01 1900UT,211,1,P1
-50.0,0.03167091592840297,7.142505334709636,C14,inteira,2024-05-01 1900UT,136,1,P1
-45.0,0.0360167323861464,6.491888403163706,C14,inteira,2024-05-01 1900UT,82,1,P1
-70.0,0.025693332933920524,8.52572575789097,C15,inteira,2024-05-01 1900UT,13,1,P1
-65.0,0.02754860434022206,8.020675111657404,C15,inteira,2024-05-01 1900UT,123,1,P1
-60.0,0.027222435213317003,8.103905365339674,C15,inteira,2024-05-01 1900UT,101,1,P1
-55.0,0.026395639764375967,8.3253027900249,C15,inteira,2024-05-01 1900UT,85,1,P1
-50.0,0.026093436759801886,8.410644505432817,C15,inteira,2024-05-01 1900UT,80,1,P1
-45.0,0.030921518379442434,7.28053221047881,C15,inteira,2024-05-01 1900UT,54,1,P1
-50.0,0.017496664062986892,11.980650051881316,C10,frente,2024-05-01 1900UT,81,1,P1
-45.0,0.016282352409004608,12.72401790157653,C10,frente,2024-05-01 1900UT,126,1,P1
-60.0,0.019596085804829976,10.86023808298686,C10,traseira,2024-05-01 1900UT,5,1,P1
-55.0,0.018161390693717687,11.604479673387388,C10,traseira,2024-05-01 1900UT,59,1,P1
-50.0,0.01664251748969603,12.495635558850124,C10,traseira,2024-05-01 1900UT,72,1,P1
-45.0,0.01531830347454889,13.370153741878456,C10,traseira,2024-05-01 1900UT,50,1,P1
-60.0,0.06033939869733613,5.19651994547946,C16,inteira,2024-05-01 1900UT,48,1,P1
-55.0,0.06706959334192167,5.112148266682514,C16,inteira,2024-05-01 1900UT,210,1,P1
-50.0,0.07274340706998662,5.069896800234203,C16,inteira,2024-05-01 1900UT,548,1,P1
-45.0,0.07602744382047544,5.0531632393702095,C16,inteira,2024-05-01 1900UT,730,1,P1
-70.0,0.03895896983041093,6.167210325891701,C29,frente,2024-05-02 1200UT,17380,1,P1
-65.0,0.035924834821969814,6.502997047700831,C29,frente,2024-05-02 1200UT,14701,1,P1
-60.0,0.034989024847498884,6.624898456430999,C29,frente,2024-05-02 1200UT,8118,1,P1
-55.0,0.038362156236708966,6.226728694745704,C29,frente,2024-05-02 1200UT,3631,1,P1
-50.0,0.04677709485765254,5.608417723205764,C29,frente,2024-05-02 1200UT,2378,1,P1
-45.0,0.05487026635532341,5.309956038751842,C29,frente,2024-05-02 1200UT,2052,1,P1
-70.0,0.03297154385349646,6.922389094077699,C29,traseira,2024-05-02 1200UT,3460,1,P1
-65.0,0.03519241197944484,6.59759022312629,C29,traseira,2024-05-02 1200UT,8149,1,P1
-60.0,0.03708783968162394,6.364167121295907,C29,traseira,2024-05-02 1200UT,14465,1,P1
-55.0,0.03998738833089749,6.071345163175753,C29,traseira,2024-05-02 1200UT,10741,1,P1
-50.0,0.038413658535738596,6.221475038925091,C29,traseira,2024-05-02 1200UT,11458,1,P1
-45.0,0.0333007305339796,6.870370433127913,C29,traseira,2024-05-02 1200UT,8421,1,P1
-55.0,0.044700315675453774,5.723373983270007,C30,inteira,2024-05-02 1200UT,13,1,P1
-50.0,0.049120981317257895,5.500573609874122,C30,inteira,2024-05-02 1200UT,50,1,P1
-45.0,0.05569993368606358,5.289250044563365,C30,inteira,2024-05-02 1200UT,87,1,P1
-70.0,0.025792411972480913,8.496735144478963,C29,frente,2024-05-02 1300UT,805,1,P1
-65.0,0.024721535100437342,8.823130000908414,C29,frente,2024-05-02 1300UT,5386,1,P1
-60.0,0.022621130968008798,9.55444251881296,C29,frente,2024-05-02 1300UT,12804,1,P1
-55.0,0.02523728047062625,8.662297474599741,C29,frente,2024-05-02 1300UT,16057,1,P1
-50.0,0.03025645072510523,7.410481423474142,C29,frente,2024-05-02 1300UT,11970,1,P1
-45.0,0.03704036218021422,6.3695750829646105,C29,frente,2024-05-02 1300UT,8517,1,P1
-70.0,0.02706199272612648,8.145683895455718,C29,traseira,2024-05-02 1300UT,14218,1,P1
-65.0,0.025561425405542966,8.564695366109245,C29,traseira,2024-05-02 1300UT,17788,1,P1
-60.0,0.024901989203450832,8.766068483347828,C29,traseira,2024-05-02 1300UT,9819,1,P1
-55.0,0.02672230241446568,8.236002755639614,C29,traseira,2024-05-02 1300UT,3860,1,P1
-50.0,0.030336816389678216,7.394392030570405,C29,traseira,2024-05-02 1300UT,2505,1,P1
-45.0,0.036512511946385696,6.431163933619508,C29,traseira,2024-05-02 1300UT,1919,1,P1
-55.0,0.0337169868808371,6.807225515752684,C30,frente,2024-05-02 1300UT,24,1,P1
-50.0,0.04064181839981919,6.014765860829252,C30,frente,2024-05-02 1300UT,136,1,P1
-45.0,0.040731609708369594,6.006920408752727,C30,frente,2024-05-02 1300UT,189,1,P1
-55.0,0.03959209637565498,6.108014081370166,C30,traseira,2024-05-02 1300UT,32,1,P1
-50.0,0.03997641722627572,6.072329318013898,C30,traseira,2024-05-02 1300UT,98,1,P1
-45.0,0.04259388639531345,5.862178329210284,C30,traseira,2024-05-02 1300UT,87,1,P1
-70.0,0.03881738553799596,6.181063440631271,C29,frente,2024-05-02 1400UT,207,1,P1
-65.0,0.0204837018448124,10.442411363084938,C29,frente,2024-05-02 1400UT,3511,1,P1
-60.0,0.01923316745089096,11.040177677239974,C29,frente,2024-05-02 1400UT,13976,1,P1
-55.0,0.019309654466407603,11.001800511500239,C29,frente,2024-05-02 1400UT,15661,1,P1
-50.0,0.02104734296319368,10.192691390903615,C29,frente,2024-05-02 1400UT,15884,1,P1
-45.0,0.024534381686053007,8.883223371112914,C29,frente,2024-05-02 1400UT,8813,1,P1
-70.0,0.020820290468952056,10.29187791409295,C29,traseira,2024-05-02 1400UT,11050,1,P1
-65.0,0.021090473524773817,10.174061247590096,C29,traseira,2024-05-02 1400UT,14339,1,P1
-60.0,0.019845988143431633,10.739459466949109,C29,traseira,2024-05-02 1400UT,11305,1,P1
-55.0,0.020159496193578305,10.59145402712495,C29,traseira,2024-05-02 1400UT,5377,1,P1
-50.0,0.023093579402293153,9.378614945439788,C29,traseira,2024-05-02 1400UT,3796,1,P1
-45.0,0.03160717669782069,7.1538695860640775,C29,traseira,2024-05-02 1400UT,2080,1,P1
-55.0,0.030826682956253203,7.298615845120877,C30,frente,2024-05-02 1400UT,35,1,P1
-50.0,0.03732933497867019,6.336988192541422,C30,frente,2024-05-02 1400UT,51,1,P1
-45.0,0.044273330769136726,5.7497067073797705,C30,frente,2024-05-02 1400UT,46,1,P1
-60.0,0.03284955919205798,6.942030578561408,C30,traseira,2024-05-02 1400UT,15,1,P1
-55.0,0.04076040046822906,6.004875784387402,C30,traseira,2024-05-02 1400UT,36,1,P1
-50.0,0.04503289521300459,5.704000513905631,C30,traseira,2024-05-02 1400UT,42,1,P1
-45.0,0.058619185245202016,5.2267891104648445,C30,traseira,2024-05-02 1400UT,31,1,P1
-65.0,0.023127258586491492,9.366343070444195,C31,inteira,2024-05-02 1500UT,39,1,P1
-60.0,0.02324589718013556,9.324868712770604,C31,inteira,2024-05-02 1500UT,34,1,P1
-55.0,0.020848777740955463,10.279330215689537,C31,inteira,2024-05-02 1500UT,151,1,P1
-50.0,0.020539855526159334,10.417003372299277,C31,inteira,2024-05-02 1500UT,348,1,P1
-45.0,0.02048083483228671,10.443711806890608,C31,inteira,2024-05-02 1500UT,299,1,P1
-70.0,0.01822662182883536,11.568675600236997,C29,frente,2024-05-02 1500UT,9793,1,P1
-65.0,0.018814539998026576,11.254611605171766,C29,frente,2024-05-02 1500UT,12239,1,P1
-60.0,0.018089179964766156,11.644342348763754,C29,frente,2024-05-02 1500UT,11001,1,P1
-55.0,0.01857110846670257,11.382788108106652,C29,frente,2024-05-02 1500UT,8323,1,P1
-50.0,0.021075103753427436,10.1806925073045,C29,frente,2024-05-02 1500UT,3856,1,P1
-45.0,0.026151947512261867,8.393522346764234,C29,frente,2024-05-02 1500UT,2077,1,P1
-70.0,0.011902514709365914,16.126405485875736,C29,traseira,2024-05-02 1500UT,125,1,P1
-65.0,0.018083075517921966,11.647723213155029,C29,traseira,2024-05-02 1500UT,1922,1,P1
-60.0,0.01902609377062383,11.145312324031504,C29,traseira,2024-05-02 1500UT,8131,1,P1
-55.0,0.01816566080984631,11.602129933550223,C29,traseira,2024-05-02 1500UT,15033,1,P1
-50.0,0.018415098998699135,11.46631114607511,C29,traseira,2024-05-02 1500UT,17612,1,P1
-45.0,0.020627603999894276,10.377536568590816,C29,traseira,2024-05-02 1500UT,12184,1,P1
-55.0,0.04528792103180525,5.68880577132102,C32,inteira,2024-05-02 1500UT,20,1,P1
-50.0,0.036153749603881714,6.474626515966743,C32,inteira,2024-05-02 1500UT,60,1,P1
-45.0,0.03200374230007561,7.083853568226443,C32,inteira,2024-05-02 1500UT,61,1,P1
-55.0,0.04631898155020337,5.632101495342566,C33,inteira,2024-05-02 1500UT,18,1,P1
-50.0,0.04739460523733778,5.5779795760012005,C33,inteira,2024-05-02 1500UT,64,1,P1
-45.0,0.048334117302566565,5.534381258853638,C33,inteira,2024-05-02 1500UT,71,1,P1
-65.0,0.023007819698213566,9.411009508000538,C34,inteira,2024-05-02 1600UT,10,1,P1
-60.0,0.026635417220296168,8.25975010555456,C34,inteira,2024-05-02 1600UT,114,1,P1
-55.0,0.028759883284882708,7.730652089386243,C34,inteira,2024-05-02 1600UT,53,1,P1
-50.0,0.03143246954044833,7.185468770905052,C34,inteira,2024-05-02 1600UT,22,1,P1
-45.0,0.036980704605502276,6.38281418927357,C34,inteira,2024-05-02 1600UT,20,1,P1
-70.0,0.017726694247716633,11.848111090464524,C29,frente,2024-05-02 1600UT,9112,1,P1
-65.0,0.018081027568509492,11.648857825062422,C29,frente,2024-05-02 1600UT,12481,1,P1
-60.0,0.019483955957067565,10.91525369190062,C29,frente,2024-05-02 1600UT,9118,1,P1
-55.0,0.01915876379092549,11.07774499452501,C29,frente,2024-05-02 1600UT,8174,1,P1
-50.0,0.021034248865216595,10.198360615137375,C29,frente,2024-05-02 1600UT,4461,1,P1
-45.0,0.024754688234883887,8.812582501988977,C29,frente,2024-05-02 1600UT,3012,1,P1
-70.0,0.023316308805167614,9.29809391094144,C29,traseira,2024-05-02 1600UT,245,1,P1
-65.0,0.01672750761349213,12.442735186443155,C29,traseira,2024-05-02 1600UT,3131,1,P1
-60.0,0.016749835644962574,12.428899593377295,C29,traseira,2024-05-02 1600UT,6807,1,P1
-55.0,0.018426355298423437,11.460248435665447,C29,traseira,2024-05-02 1600UT,14858,1,P1
-50.0,0.018693188616301926,11.318182999088496,C29,traseira,2024-05-02 1600UT,11990,1,P1
-45.0,0.020149727331599913,10.596007725613093,C29,traseira,2024-05-02 1600UT,9681,1,P1
-65.0,0.013980137647506358,14.357616692450165,C35,inteira,2024-05-02 1600UT,22,1,P1
-60.0,0.013300401828201604,14.902928907669775,C35,inteira,2024-05-02 1600UT,33,1,P1
-55.0,0.014706824098450932,13.807771654165212,C35,inteira,2024-05-02 1600UT,26,1,P1
-50.0,0.01552310883523331,13.236708365417151,C35,inteira,2024-05-02 1600UT,12,1,P1
-45.0,0.018705547901032606,11.365629898792708,C35,inteira,2024-05-02 1600UT,16,1,P1
-70.0,0.02547644982353078,8.59002762109143,C36,inteira,2024-05-02 1600UT,5,1,P1
-65.0,0.026056090538514314,8.421970821093549,C36,inteira,2024-05-02 1600UT,6,1,P1
-60.0,0.018753361761415184,11.28660820585129,C36,inteira,2024-05-02 1600UT,24,1,P1
-55.0,0.01719649404087277,12.1574674592109,C36,inteira,2024-05-02 1600UT,203,1,P1
-50.0,0.017435530775797764,12.016303298477169,C36,inteira,2024-05-02 1600UT,133,1,P1
-45.0,0.02595170755285466,8.450624004614781,C36,inteira,2024-05-02 1600UT,89,1,P1
-60.0,0.04619953538520983,5.641075746900604,C37,inteira,2024-05-02 1600UT,10,1,P1
-55.0,0.04692274693369817,5.6010774227820095,C37,inteira,2024-05-02 1600UT,47,1,P1
-50.0,0.053716114743299695,5.3412684472466925,C37,inteira,2024-05-02 1600UT,34,1,P1
-45.0,0.058859547177399274,5.222317176375299,C37,inteira,2024-05-02 1600UT,36,1,P1
-55.0,0.022921467684495683,9.441868292870762,C32,frente,2024-05-02 1600UT,11,1,P1
-50.0,0.022451873348982812,9.619137206962206,C32,frente,2024-05-02 1600UT,13,1,P1
-45.0,0.022267933655082006,9.690654220050696,C32,frente,2024-05-02 1600UT,16,1,P1
-50.0,0.02535901785922617,8.625332083649221,C32,traseira,2024-05-02 1600UT,9,1,P1
-45.0,0.021415982410360655,10.035597461498282,C32,traseira,2024-05-02 1600UT,21,1,P1
-60.0,0.02629237101390785,8.354046086708541,C38,inteira,2024-05-02 1600UT,26,1,P1
-55.0,0.021355654869881217,10.060976636487839,C38,inteira,2024-05-02 1600UT,211,1,P1
-50.0,0.02138971728493554,10.046632180354845,C38,inteira,2024-05-02 1600UT,1124,1,P1
-45.0,0.023455882457789214,9.248391842444514,C38,inteira,2024-05-02 1600UT,1384,1,P1
-65.0,0.0223361198110206,9.663935491967573,C34,frente,2024-05-02 1700UT,32,1,P1
-60.0,0.02349623392058435,9.23413005170989,C34,frente,2024-05-02 1700UT,309,1,P1
-55.0,0.02589855795120596,8.465941174743936,C34,frente,2024-05-02 1700UT,141,1,P1
-50.0,0.0321471486817669,7.05909862187836,C34,frente,2024-05-02 1700UT,73,1,P1
-45.0,0.03777934867069384,6.2877780942563675,C34,frente,2024-05-02 1700UT,47,1,P1
-70.0,0.019626163176106808,10.845568095728112,C34,traseira,2024-05-02 1700UT,111,1,P1
-65.0,0.02202697566598665,9.785622335738102,C34,traseira,2024-05-02 1700UT,269,1,P1
-60.0,0.019802481122439455,10.760306133421075,C34,traseira,2024-05-02 1700UT,169,1,P1
-55.0,0.021869560102416002,9.848859827257364,C34,traseira,2024-05-02 1700UT,40,1,P1
-50.0,0.02644187967264986,8.312513970925503,C34,traseira,2024-05-02 1700UT,29,1,P1
-45.0,0.04705155438870331,5.5946599888634125,C34,traseira,2024-05-02 1700UT,17,1,P1
-70.0,0.02090648896230426,10.25400145469332,C29,frente,2024-05-02 1700UT,6363,1,P1
-65.0,0.019092640596032835,11.11132739487784,C29,frente,2024-05-02 1700UT,11264,1,P1
-60.0,0.019293062244466547,11.010104852657877,C29,frente,2024-05-02 1700UT,13670,1,P1
-55.0,0.018098291046405673,11.63929950128243,C29,frente,2024-05-02 1700UT,6291,1,P1
-50.0,0.020303739719261586,10.524645440744465,C29,frente,2024-05-02 1700UT,3131,1,P1
-45.0,0.02227416065761731,9.688052855557137,C29,frente,2024-05-02 1700UT,2769,1,P1
-65.0,0.014745499533972202,13.77937968141071,C29,traseira,2024-05-02 1700UT,2107,1,P1
-60.0,0.017335425084978005,12.075079126242322,C29,traseira,2024-05-02 1700UT,7794,1,P1
-55.0,0.0180452987075247,11.668683669142377,C29,traseira,2024-05-02 1700UT,10382,1,P1
-50.0,0.01859824910897058,11.368368340267335,C29,traseira,2024-05-02 1700UT,13029,1,P1
-45.0,0.02203447375138467,9.782633019345258,C29,traseira,2024-05-02 1700UT,8723,1,P1
-65.0,0.02069501348973129,10.347413169123612,C35,frente,2024-05-02 1700UT,109,1,P1
-60.0,0.021992852342953704,9.79925014738723,C35,frente,2024-05-02 1700UT,73,1,P1
-55.0,0.022623694624863903,9.553469620201628,C35,frente,2024-05-02 1700UT,19,1,P1
-50.0,0.021878912673534583,9.845035918661171,C35,frente,2024-05-02 1700UT,13,1,P1
-45.0,0.04429042777615205,5.748509337924043,C35,frente,2024-05-02 1700UT,7,1,P1
-65.0,0.01749112002828856,11.983875877503031,C35,traseira,2024-05-02 1700UT,21,1,P1
-60.0,0.02158572294076632,9.964881275168178,C35,traseira,2024-05-02 1700UT,88,1,P1
-55.0,0.024647667011876685,8.846736516076565,C35,traseira,2024-05-02 1700UT,75,1,P1
-50.0,0.025870314222500974,8.521100146296707,C35,traseira,2024-05-02 1700UT,22,1,P1
-45.0,0.040903884740693376,5.993318078531658,C35,traseira,2024-05-02 1700UT,28,1,P1
-70.0,0.015627199563715537,13.157442912931343,C39,inteira,2024-05-02 1700UT,7,1,P1
-65.0,0.01548532721276082,13.25445824124747,C39,inteira,2024-05-02 1700UT,19,1,P1
-60.0,0.015233698415304794,13.429490229262957,C39,inteira,2024-05-02 1700UT,30,1,P1
-55.0,0.016286714131294743,12.721210899891979,C39,inteira,2024-05-02 1700UT,23,1,P1
-50.0,0.02204352933484965,9.779025253076902,C39,inteira,2024-05-02 1700UT,11,1,P1
-45.0,0.0250609867246767,8.71658220506934,C39,inteira,2024-05-02 1700UT,14,1,P1
-55.0,0.02101966097183907,10.20601712544677,C32,frente,2024-05-02 1700UT,18,1,P1
-50.0,0.02209358815225001,9.759220184571126,C32,frente,2024-05-02 1700UT,38,1,P1
-45.0,0.025999905360848567,8.436792424266974,C32,frente,2024-05-02 1700UT,49,1,P1
-60.0,0.020318357887681125,10.517919521809285,C32,traseira,2024-05-02 1700UT,19,1,P1
-55.0,0.020099484500433897,10.619669680140156,C32,traseira,2024-05-02 1700UT,18,1,P1
-50.0,0.02024809214269527,10.550604324316435,C32,traseira,2024-05-02 1700UT,32,1,P1
-45.0,0.020579752786992873,10.399229181731053,C32,traseira,2024-05-02 1700UT,22,1,P1
-65.0,0.02939081095193349,7.590882765953033,C40,inteira,2024-05-02 1700UT,50,1,P1
-60.0,0.030201845433986366,7.421483718992105,C40,inteira,2024-05-02 1700UT,640,1,P1
-55.0,0.030452732976941947,7.3713742361638435,C40,inteira,2024-05-02 1700UT,653,1,P1
-50.0,0.031248805717909164,7.219173103308751,C40,inteira,2024-05-02 1700UT,646,1,P1
-45.0,0.03644515810686158,6.439241271847224,C40,inteira,2024-05-02 1700UT,614,1,P1
-70.0,0.018383400469958008,11.483416884838917,C34,frente,2024-05-02 1800UT,34,1,P1
-65.0,0.0207225254491666,10.335167395824438,C34,frente,2024-05-02 1800UT,268,1,P1
-60.0,0.022662431787707764,9.538794278476193,C34,frente,2024-05-02 1800UT,661,1,P1
-55.0,0.025128229213667766,8.695734442712396,C34,frente,2024-05-02 1800UT,302,1,P1
-50.0,0.030216025628565006,7.418667634398102,C34,frente,2024-05-02 1800UT,154,1,P1
-45.0,0.03811375088405375,6.252387180734111,C34,frente,2024-05-02 1800UT,147,1,P1
-70.0,0.018228141666154343,11.567843709736792,C34,traseira,2024-05-02 1800UT,208,1,P1
-65.0,0.019966006916069028,10.682342078293965,C34,traseira,2024-05-02 1800UT,840,1,P1
-60.0,0.02447228274876375,8.90338245421783,C34,traseira,2024-05-02 1800UT,264,1,P1
-55.0,0.028051602254760704,7.896728806824063,C34,traseira,2024-05-02 1800UT,122,1,P1
-50.0,0.03179988743024319,7.1195562748808285,C34,traseira,2024-05-02 1800UT,69,1,P1
-45.0,0.038780946041274536,6.1846553379409865,C34,traseira,2024-05-02 1800UT,79,1,P1
-70.0,0.023349803079443895,9.286113843533128,C29,frente,2024-05-02 1800UT,7584,1,P1
-65.0,0.020589371848806198,10.394696785521646,C29,frente,2024-05-02 1800UT,6697,1,P1
-60.0,0.017253166660403572,12.123744451513597,C29,frente,2024-05-02 1800UT,6037,1,P1
-55.0,0.015371523868689996,13.333112730967027,C29,frente,2024-05-02 1800UT,6446,1,P1
-50.0,0.018084640068134275,11.646856543278917,C29,frente,2024-05-02 1800UT,9177,1,P1
-45.0,0.019326687740543233,10.99328736209494,C29,frente,2024-05-02 1800UT,5885,1,P1
-70.0,0.016173234220065964,12.794574099177439,C29,traseira,2024-05-02 1800UT,111,1,P1
-65.0,0.020098139412618593,10.620116724301845,C29,traseira,2024-05-02 1800UT,2474,1,P1
-60.0,0.0184677867502707,11.437982099856086,C29,traseira,2024-05-02 1800UT,7718,1,P1
-55.0,0.018391115184952428,11.479248061489955,C29,traseira,2024-05-02 1800UT,13336,1,P1
-50.0,0.020753994276867804,10.321194768481666,C29,traseira,2024-05-02 1800UT,12344,1,P1
-45.0,0.025412961932010637,8.609071561166695,C29,traseira,2024-05-02 1800UT,7851,1,P1
-60.0,0.04522616264402678,5.692395482311758,C40,frente,2024-05-02 1800UT,8,1,P1
-55.0,0.036155048507735876,6.474437664487154,C40,frente,2024-05-02 1800UT,207,1,P1
-50.0,0.033248654157621016,6.878521840430555,C40,frente,2024-05-02 1800UT,262,1,P1
-45.0,0.03250732360827093,6.998246624933285,C40,frente,2024-05-02 1800UT,118,1,P1
-55.0,0.038754324512635746,6.187286366612643,C40,traseira,2024-05-02 1800UT,67,1,P1
-50.0,0.03840320931588031,6.222539116108938,C40,traseira,2024-05-02 1800UT,195,1,P1
-45.0,0.04312402721342757,5.824917784479157,C40,traseira,2024-05-02 1800UT,191,1,P1
-60.0,0.025658890375925718,8.535859878968495,C34,frente,2024-05-02 1900UT,13,1,P1
-55.0,0.027938648512577328,7.924070558120951,C34,frente,2024-05-02 1900UT,17,1,P1
-50.0,0.033938997842964544,6.7734868161755655,C34,frente,2024-05-02 1900UT,13,1,P1
-45.0,0.040675600876196004,6.011631096554946,C34,frente,2024-05-02 1900UT,13,1,P1
-55.0,0.03577295704091501,6.522140591826554,C34,traseira,2024-05-02 1900UT,21,1,P1
-50.0,0.0344400314341371,6.7009633416966645,C34,traseira,2024-05-02 1900UT,31,1,P1
-45.0,0.03149013168462927,7.174980591986817,C34,traseira,2024-05-02 1900UT,17,1,P1
-70.0,0.025228111264741837,8.66509695449468,C29,frente,2024-05-02 1900UT,8300,1,P1
-65.0,0.02210966111453192,9.752760571212475,C29,frente,2024-05-02 1900UT,9511,1,P1
-60.0,0.020617005307808394,10.382288233767609,C29,frente,2024-05-02 1900UT,6841,1,P1
-55.0,0.020741423400954247,10.32677202870989,C29,frente,2024-05-02 1900UT,6625,1,P1
-50.0,0.020547657045803684,10.41348271036625,C29,frente,2024-05-02 1900UT,5870,1,P1
-45.0,0.025760223959963684,8.506127374690656,C29,frente,2024-05-02 1900UT,3078,1,P1
-70.0,0.019773095886424875,10.774599158195562,C29,traseira,2024-05-02 1900UT,8,1,P1
-65.0,0.02184075039046511,9.860469352520868,C29,traseira,2024-05-02 1900UT,2228,1,P1
-60.0,0.022454984360306518,9.617939846515517,C29,traseira,2024-05-02 1900UT,4338,1,P1
-55.0,0.018651956834751907,11.339929480468824,C29,traseira,2024-05-02 1900UT,7413,1,P1
-50.0,0.02127685214019444,10.094320901438588,C29,traseira,2024-05-02 1900UT,14918,1,P1
-45.0,0.023956385202153863,9.074841899002333,C29,traseira,2024-05-02 1900UT,12705,1,P1
-60.0,0.023144703921704406,9.360000401204644,C41,inteira,2024-05-02 1900UT,26,1,P1
-55.0,0.021827649092836677,9.865886805110248,C41,inteira,2024-05-02 1900UT,20,1,P1
-50.0,0.020452274173405234,10.456683570519196,C41,inteira,2024-05-02 1900UT,35,1,P1
-45.0,0.022336810867458097,9.663641011709197,C41,inteira,2024-05-02 1900UT,43,1,P1
